year,team,league,total_games,wins,losses,ties,season_win_loss_%,pythagorean_win_loss_%,division_finish,division_game_back,runs_for,runs_against,season_total_attendance,average_batter_age,average_pitcher_age,number_of_batters,number_of_pitchers,top_player,manager
2019,HOU,AL West,162,107,55,0,0.66,0.66,1st of 5,--,920,640,2857367,28.9,29.9,45,26,A.Bregman (8.4),A.Hinch (107-55)
2018,HOU,AL West,162,103,59,0,0.636,0.675,1st of 5,--,797,534,2980549,28.1,30,41,22,A.Bregman (6.9),A.Hinch (103-59)
2017,HOU,AL West,162,101,61,0,0.623,0.611,1st of 5,--,896,700,2403671,28.8,28.5,46,27,J.Altuve (8.1),A.Hinch (101-61)
2016,HOU,AL West,162,84,78,0,0.519,0.515,3rd of 5,11,724,701,2306623,26.4,28.9,43,23,J.Altuve (7.7),A.Hinch (84-78)
2015,HOU,AL West,162,86,76,0,0.531,0.575,2nd of 5,2,729,618,2153585,26.3,29.4,46,24,D.Keuchel (6.7),A.Hinch (86-76)
2014,HOU,AL West,162,70,92,0,0.432,0.437,4th of 5,28,629,723,1751829,25.4,27.9,48,28,J.Altuve (6.1),B.Porter (59-79) and T.Lawless (11-13)
2013,HOU,AL West,162,51,111,0,0.315,0.354,5th of 5,45,610,848,1651883,25.9,27.2,50,26,J.Castro (4.1),B.Porter (51-111)
2012,HOU,NL Central,162,55,107,0,0.34,0.362,6th of 6,42,583,794,1607733,26.6,27.2,50,26,L.Harrell (3.1),B.Mills (39-82) and T.DeFrancesco (16-25)
2011,HOU,NL Central,162,56,106,0,0.346,0.384,6th of 6,40,615,796,2067016,28.2,27.2,47,23,C.Lee (3.9),B.Mills (56-106)
2010,HOU,NL Central,162,76,86,0,0.469,0.42,4th of 6,15,611,729,2331490,29.5,29.6,48,25,M.Bourn (5.5),B.Mills (76-86)
2009,HOU,NL Central,162,74,88,0,0.457,0.418,5th of 6,17,643,770,2521076,31.6,31.2,42,22,M.Bourn (5.0),C.Cooper (70-79) and D.Clark (4-9)
2008,HOU,NL Central,161,86,75,0,0.534,0.481,3rd of 6,11,712,743,2779487,31.1,30.9,41,20,L.Berkman (6.9),C.Cooper (86-75)
2007,HOU,NL Central,162,73,89,0,0.451,0.447,4th of 6,12,723,813,3020405,31.4,30.2,41,21,R.Oswalt (6.6),P.Garner (58-73) and C.Cooper (15-16)
2006,HOU,NL Central,162,82,80,0,0.506,0.51,2nd of 6,1.5,735,719,3022763,30.5,29.8,39,19,L.Berkman (6.0),P.Garner (82-80)
2005,HOU,NL Central,163,89,73,1,0.549,0.559,2nd of 6,11,693,609,2804760,30.3,30.3,36,17,R.Clemens (8.2),P.Garner (89-73)
2004,HOU,NL Central,162,92,70,0,0.568,0.564,2nd of 6,13,803,698,3087872,31.7,29.6,42,23,L.Berkman (6.0),J.Williams (44-44) and P.Garner (48-26)
2003,HOU,NL Central,162,87,75,0,0.537,0.579,2nd of 6,1,805,677,2454241,31.1,27.6,44,23,R.Hidalgo (5.7),J.Williams (87-75)
2002,HOU,NL Central,162,84,78,0,0.519,0.534,2nd of 6,13,749,695,2517357,30.1,27.3,41,21,R.Oswalt (6.9),J.Williams (84-78)
2001,HOU,NL Central,162,93,69,0,0.574,0.544,1st of 6,--,847,769,2904277,30.3,28.4,45,25,L.Berkman (6.5),L.Dierker (93-69)
2000,HOU,NL Central,162,72,90,0,0.444,0.497,4th of 6,23,938,944,3056139,29.1,28,46,23,R.Hidalgo (6.3),L.Dierker (72-90)
1999,HOU,NL Central,162,97,65,0,0.599,0.59,1st of 6,--,823,675,2706017,29.8,27.4,38,15,M.Hampton (7.9),L.Dierker (84-51) and M.Galante (13-14)
1998,HOU,NL Central,162,102,60,0,0.63,0.652,1st of 6,--,874,620,2458451,29.7,27.8,38,18,C.Biggio (6.5),L.Dierker (102-60)
1997,HOU,NL Central,162,84,78,0,0.519,0.574,1st of 5,--,777,660,2046781,28.8,27,41,18,C.Biggio (9.4),L.Dierker (84-78)
1996,HOU,NL Central,162,82,80,0,0.506,0.477,2nd of 5,6,753,792,1975888,28.2,28.5,43,22,J.Bagwell (7.5),T.Collins (82-80)
1995,HOU,NL Central,144,76,68,0,0.528,0.547,2nd of 5,9,747,674,1363801,28.1,27.9,44,19,C.Biggio (6.3),T.Collins (76-68)
2019,TEX,AL West,162,78,84,0,0.481,0.463,3rd of 5,29,810,878,2132994,28.8,28.3,53,36,M.Minor (7.6),C.Woodward (78-84)
2018,TEX,AL West,162,67,95,0,0.414,0.436,5th of 5,36,737,848,2107107,27.4,30.4,50,32,M.Minor (3.8),J.Banister (64-88) and D.Wakamatsu (3-7)
2017,TEX,AL West,162,78,84,0,0.481,0.49,3rd of 5,23,799,816,2507760,28.4,28.8,51,31,A.Cashner (4.6),J.Banister (78-84)
2016,TEX,AL West,162,95,67,0,0.586,0.505,1st of 5,--,765,757,2710402,28.4,28.8,52,31,A.Beltre (6.5),J.Banister (95-67)
2015,TEX,AL West,162,88,74,0,0.543,0.511,1st of 5,--,751,733,2491875,28.7,28.1,57,31,A.Beltre (5.9),J.Banister (88-74)
2014,TEX,AL West,162,67,95,0,0.414,0.412,5th of 5,31,637,773,2718733,28.4,27.9,64,41,A.Beltre (6.7),R.Washington (53-87) and T.Bogar (14-8)
2013,TEX,AL West,163,91,72,0,0.558,0.563,2nd of 5,5.5,730,636,3178273,29.6,27.9,46,25,A.Beltre (5.6),R.Washington (91-72)
2012,TEX,AL West,162,93,69,0,0.574,0.561,2nd of 4,1,808,707,3460280,29.7,28.8,39,21,A.Beltre (7.2),R.Washington (93-69)
2011,TEX,AL West,162,96,66,0,0.593,0.605,1st of 4,--,855,677,2946949,29.1,28.8,45,25,I.Kinsler (7.0),R.Washington (96-66)
2010,TEX,AL West,162,90,72,0,0.556,0.562,1st of 4,--,787,687,2505171,28.3,27.6,48,22,J.Hamilton (8.7),R.Washington (90-72)
2009,TEX,AL West,162,87,75,0,0.537,0.526,2nd of 4,10,784,740,2156016,27.8,27.7,44,23,I.Kinsler (6.0),R.Washington (87-75)
2008,TEX,AL West,162,79,83,0,0.488,0.468,2nd of 4,21,901,967,1945677,27.7,28.1,55,30,J.Hamilton (5.5),R.Washington (79-83)
2007,TEX,AL West,162,75,87,0,0.463,0.485,4th of 4,19,816,844,2353862,29.4,27.7,50,25,I.Kinsler (4.1),R.Washington (75-87)
2006,TEX,AL West,162,80,82,0,0.494,0.529,3rd of 4,13,835,784,2388757,28.4,28.3,51,26,G.Matthews (5.2),B.Showalter (80-82)
2005,TEX,AL West,162,79,83,0,0.488,0.504,3rd of 4,16,865,858,2525221,27.9,30.5,50,30,M.Teixeira (7.2),B.Showalter (79-83)
2004,TEX,AL West,162,89,73,0,0.549,0.536,3rd of 4,3,860,794,2513685,27.7,30.6,52,30,R.Drese (5.1),B.Showalter (89-73)
2003,TEX,AL West,162,71,91,0,0.438,0.427,4th of 4,25,826,969,2094394,28.4,28.1,52,27,A.Rodriguez (8.4),B.Showalter (71-91)
2002,TEX,AL West,162,72,90,0,0.444,0.479,4th of 4,31,843,882,2352397,29,29.7,51,27,A.Rodriguez (8.8),J.Narron (72-90)
2001,TEX,AL West,162,73,89,0,0.451,0.462,4th of 4,43,890,968,2831021,29.9,28.5,51,25,A.Rodriguez (8.3),J.Oates (11-17) and J.Narron (62-72)
2000,TEX,AL West,162,71,91,0,0.438,0.437,4th of 4,20.5,848,974,2588401,29.5,28.7,42,19,K.Rogers (5.1),J.Oates (71-91)
1999,TEX,AL West,162,95,67,0,0.586,0.544,1st of 4,--,945,859,2771469,30.8,30.1,38,20,I.Rodriguez (6.4),J.Oates (95-67)
1998,TEX,AL West,162,88,74,0,0.543,0.535,1st of 4,--,940,871,2927399,29.9,29.9,42,21,I.Rodriguez (6.4),J.Oates (88-74)
1997,TEX,AL West,162,77,85,0,0.475,0.491,3rd of 4,13,807,823,2945228,28.3,29.7,44,20,I.Rodriguez (6.5),J.Oates (77-85)
1996,TEX,AL West,163,90,72,1,0.556,0.568,1st of 4,--,928,799,2889020,29.4,30.5,39,17,K.Hill (6.6),J.Oates (90-72)
1995,TEX,AL West,144,74,70,0,0.514,0.481,3rd of 4,4.5,691,720,1985910,29.1,30.6,46,22,K.Rogers (5.8),J.Oates (74-70)
2019,SEA,AL West,162,68,94,0,0.42,0.426,5th of 5,39,758,893,1791863,27.8,28.6,67,42,M.Gonzales (3.4),S.Servais (68-94)
2018,SEA,AL West,162,89,73,0,0.549,0.478,3rd of 5,14,677,711,2299489,29.8,29,53,32,M.Haniger (6.1),S.Servais (89-73)
2017,SEA,AL West,162,78,84,0,0.481,0.487,3rd of 5,23,750,772,2135445,29.6,27.8,61,40,N.Cruz (4.3),S.Servais (78-84)
2016,SEA,AL West,162,86,76,0,0.531,0.538,2nd of 5,9,768,707,2267928,30.5,28.8,54,32,R.Cano (7.3),S.Servais (86-76)
2015,SEA,AL West,162,76,86,0,0.469,0.454,4th of 5,12,656,726,2193581,28.6,28.6,51,28,N.Cruz (5.1),L.McClendon (76-86)
2014,SEA,AL West,162,87,75,0,0.537,0.561,3rd of 5,11,634,554,2064334,27.5,29,44,20,R.Cano (6.4),L.McClendon (87-75)
2013,SEA,AL West,162,71,91,0,0.438,0.414,4th of 5,25,624,754,1761546,28.6,28,47,22,H.Iwakuma (7.2),E.Wedge (71-91)
2012,SEA,AL West,162,75,87,0,0.463,0.477,4th of 4,19,619,651,1721920,27,27.9,38,18,F.Hernandez (5.3),E.Wedge (75-87)
2011,SEA,AL West,162,67,95,0,0.414,0.412,4th of 4,29,556,675,1896321,29.3,26.8,47,21,B.Ryan (4.2),E.Wedge (67-95)
2010,SEA,AL West,162,61,101,0,0.377,0.363,4th of 4,29,513,698,2085630,29.6,27.1,47,22,F.Hernandez (7.1),D.Wakamatsu (42-70) and D.Brown (19-31)
2009,SEA,AL West,162,85,77,0,0.525,0.464,3rd of 4,12,640,692,2195533,29.9,27.4,46,20,F.Gutierrez (6.6),D.Wakamatsu (85-77)
2008,SEA,AL West,162,61,101,0,0.377,0.414,4th of 4,39,671,811,2329702,29.7,28.5,44,22,A.Beltre (5.6),J.McLaren (25-47) and J.Riggleman (36-54)
2007,SEA,AL West,162,88,74,0,0.543,0.489,2nd of 4,6,794,813,2672223,29.9,28.1,44,23,I.Suzuki (5.8),M.Hargrove (45-33) and J.McLaren (43-41)
2006,SEA,AL West,162,78,84,0,0.481,0.479,4th of 4,15,756,792,2481165,28.7,28,49,25,A.Beltre (5.4),M.Hargrove (78-84)
2005,SEA,AL West,162,69,93,0,0.426,0.467,4th of 4,26,699,751,2725459,28.7,31.4,48,21,I.Suzuki (3.9),M.Hargrove (69-93)
2004,SEA,AL West,162,63,99,0,0.389,0.425,4th of 4,29,698,823,2940731,31.6,30.4,48,23,I.Suzuki (9.2),B.Melvin (63-99)
2003,SEA,AL West,162,93,69,0,0.574,0.6,2nd of 4,3,795,637,3268509,32,29.8,37,18,B.Boone (5.9),B.Melvin (93-69)
2002,SEA,AL West,162,93,69,0,0.574,0.569,3rd of 4,10,814,699,3542938,31.2,30.2,40,19,J.Moyer (5.6),L.Piniella (93-69)
2001,SEA,AL West,162,116,46,0,0.716,0.672,1st of 4,--,927,627,3507326,31.4,30.8,35,15,B.Boone (8.8),L.Piniella (116-46)
2000,SEA,AL West,162,91,71,0,0.562,0.569,2nd of 4,0.5,907,780,2914624,31.4,29.3,37,16,A.Rodriguez (10.4),L.Piniella (91-71)
1999,SEA,AL West,162,79,83,0,0.488,0.476,3rd of 4,16,859,905,2916346,29.3,28.2,51,28,J.Moyer (6.6),L.Piniella (79-83)
1998,SEA,AL West,161,76,85,0,0.472,0.502,3rd of 4,11.5,859,855,2651511,29.8,31.3,47,20,A.Rodriguez (8.5),L.Piniella (76-85)
1997,SEA,AL West,162,90,72,0,0.556,0.548,1st of 4,--,925,833,3192237,29.3,30.4,47,24,K.Griffey (9.1),L.Piniella (90-72)
1996,SEA,AL West,161,85,76,0,0.528,0.547,2nd of 4,4.5,993,895,2723850,28.7,27.8,49,25,K.Griffey (9.7),L.Piniella (85-76)
1995,SEA,AL West,145,79,66,0,0.545,0.553,1st of 4,--,796,708,1643203,28.8,28.8,46,24,R.Johnson (8.6),L.Piniella (79-66)
2019,OAK,AL West,162,97,65,0,0.599,0.598,2nd of 5,10,845,680,1662211,27.8,30.8,49,28,M.Semien (8.1),B.Melvin (97-65)
2018,OAK,AL West,162,97,65,0,0.599,0.585,2nd of 5,6,813,674,1573616,28,29.2,53,34,M.Chapman (8.2),B.Melvin (97-65)
2017,OAK,AL West,162,75,87,0,0.463,0.449,5th of 5,26,739,826,1475721,28.7,27.9,54,28,J.Lowrie (4.0),B.Melvin (75-87)
2016,OAK,AL West,162,69,93,0,0.426,0.43,5th of 5,26,653,761,1521506,28.7,27.9,51,27,K.Graveman (3.4),B.Melvin (69-93)
2015,OAK,AL West,162,68,94,0,0.42,0.478,5th of 5,20,694,729,1768175,27.9,27.8,52,30,S.Gray (5.3),B.Melvin (68-94)
2014,OAK,AL West,162,88,74,0,0.543,0.609,2nd of 5,10,729,572,2003628,29.6,28.2,45,23,J.Donaldson (7.5),B.Melvin (88-74)
2013,OAK,AL West,162,96,66,0,0.593,0.593,1st of 5,--,767,625,1809302,28.3,28.3,44,19,J.Donaldson (7.7),B.Melvin (96-66)
2012,OAK,AL West,162,94,68,0,0.58,0.568,1st of 4,--,713,614,1679013,27.7,27.9,50,25,J.Reddick (4.6),B.Melvin (94-68)
2011,OAK,AL West,162,74,88,0,0.457,0.477,3rd of 4,22,645,679,1476791,29.1,27.4,48,26,G.Gonzalez (4.4),B.Geren (27-36) and B.Melvin (47-52)
2010,OAK,AL West,162,81,81,0,0.5,0.526,2nd of 4,9,663,626,1418391,27.8,26,49,23,D.Barton (5.5),B.Geren (81-81)
2009,OAK,AL West,162,75,87,0,0.463,0.499,4th of 4,22,759,761,1408783,29.1,25.7,51,26,A.Bailey (3.7),B.Geren (75-87)
2008,OAK,AL West,161,75,86,0,0.466,0.47,3rd of 4,24.5,646,690,1665256,27.2,26.5,51,24,M.Ellis (4.0),B.Geren (75-86)
2007,OAK,AL West,162,76,86,0,0.469,0.49,3rd of 4,18,741,758,1921844,28.9,26.9,54,24,M.Ellis (4.8),B.Geren (76-86)
2006,OAK,AL West,162,93,69,0,0.574,0.527,1st of 4,--,771,727,1976625,29.7,27,40,21,B.Zito (4.4),K.Macha (93-69)
2005,OAK,AL West,162,88,74,0,0.543,0.573,2nd of 4,7,772,658,2109118,28.6,26.6,41,20,E.Chavez (4.8),K.Macha (88-74)
2004,OAK,AL West,162,91,71,0,0.562,0.53,2nd of 4,1,793,742,2201516,29.6,28.4,36,18,E.Chavez (5.5),K.Macha (91-71)
2003,OAK,AL West,162,96,66,0,0.593,0.581,1st of 4,--,768,643,2216596,28.3,27.4,41,18,T.Hudson (7.5),K.Macha (96-66)
2002,OAK,AL West,162,103,59,0,0.636,0.591,1st of 4,--,800,654,2169811,28.6,27.4,41,17,B.Zito (7.1),A.Howe (103-59)
2001,OAK,AL West,162,102,60,0,0.63,0.64,2nd of 4,14,884,645,2133277,27.3,28,42,16,J.Giambi (9.2),A.Howe (102-60)
2000,OAK,AL West,161,91,70,0,0.565,0.569,1st of 4,--,947,813,1603744,27.3,29.5,44,21,J.Giambi (7.8),A.Howe (91-70)
1999,OAK,AL West,162,87,75,0,0.537,0.525,2nd of 4,8,893,846,1434610,28.7,31.4,42,23,J.Giambi (5.9),A.Howe (87-75)
1998,OAK,AL West,162,74,88,0,0.457,0.466,4th of 4,14,804,866,1232343,28.8,31,45,19,K.Rogers (7.5),A.Howe (74-88)
1997,OAK,AL West,162,65,97,0,0.401,0.403,4th of 4,25,764,946,1264218,28.1,27.8,49,26,M.McGwire (3.1),A.Howe (65-97)
1996,OAK,AL West,162,78,84,0,0.481,0.48,3rd of 4,12,861,900,1148380,28.2,27.1,43,20,M.McGwire (6.4),A.Howe (78-84)
1995,OAK,AL West,144,67,77,0,0.465,0.481,4th of 4,11.5,730,761,1174310,29.5,30.9,44,23,M.McGwire (5.5),T.La Russa (67-77)
2019,LAA,AL West,162,72,90,0,0.444,0.445,4th of 5,35,769,868,3019012,28.8,27,57,31,M.Trout (8.3),B.Ausmus (72-90)
2018,LAA,AL West,162,80,82,0,0.494,0.499,4th of 5,23,721,722,3020216,29.5,27.5,60,35,M.Trout (10.2),M.Scioscia (80-82)
2017,LAA,AL West,162,80,82,0,0.494,0.501,2nd of 5,21,710,709,3019585,29.9,29.1,55,31,A.Simmons (7.0),M.Scioscia (80-82)
2016,LAA,AL West,162,74,88,0,0.457,0.494,4th of 5,21,717,727,3016142,28.5,28.4,53,30,M.Trout (10.5),M.Scioscia (74-88)
2015,LAA,AL West,162,85,77,0,0.525,0.49,3rd of 5,3,661,675,3012765,28.7,28.3,51,25,M.Trout (9.4),M.Scioscia (85-77)
2014,LAA,AL West,162,98,64,0,0.605,0.593,1st of 5,--,773,630,3095935,29.3,28.4,54,31,M.Trout (7.6),M.Scioscia (98-64)
2013,LAA,AL West,162,78,84,0,0.481,0.498,3rd of 5,18,733,737,3019505,27.8,29.1,49,26,M.Trout (9.0),M.Scioscia (78-84)
2012,LAA,AL West,162,89,73,0,0.549,0.542,3rd of 4,5,767,699,3061770,28.7,30.1,44,23,M.Trout (10.5),M.Scioscia (89-73)
2011,LAA,AL West,162,86,76,0,0.531,0.524,2nd of 4,10,667,633,3166321,28.9,28.4,43,21,J.Weaver (6.9),M.Scioscia (86-76)
2010,LAA,AL West,162,80,82,0,0.494,0.486,3rd of 4,10,681,702,3250814,29.7,28.3,46,21,J.Weaver (5.3),M.Scioscia (80-82)
2009,LAA,AL West,162,97,65,0,0.599,0.568,1st of 4,--,883,761,3240386,29.6,28.6,46,25,C.Figgins (7.7),M.Scioscia (97-65)
2008,LAA,AL West,162,100,62,0,0.617,0.542,1st of 4,--,765,697,3336747,29,27.6,41,19,E.Santana (5.0),M.Scioscia (100-62)
2007,LAA,AL West,162,94,68,0,0.58,0.553,1st of 4,--,822,731,3365632,28.6,28.4,42,18,J.Lackey (6.2),M.Scioscia (94-68)
2006,LAA,AL West,162,89,73,0,0.549,0.521,2nd of 4,4,766,732,3406790,28.8,27.9,40,18,J.Weaver (4.7),M.Scioscia (89-73)
2005,LAA,AL West,162,95,67,0,0.586,0.576,1st of 4,--,761,643,3404686,29.8,28.5,40,18,V.Guerrero (5.7),M.Scioscia (95-67)
2004,LAA,AL West,162,92,70,0,0.568,0.559,1st of 4,--,836,734,3375677,28.9,29,38,16,V.Guerrero (5.6),M.Scioscia (92-70)
2003,LAA,AL West,162,77,85,0,0.475,0.496,3rd of 4,19,736,743,3061094,29.1,29,43,19,G.Anderson (4.0),M.Scioscia (77-85)
2002,LAA,AL West,162,99,63,0,0.611,0.625,2nd of 4,4,851,644,2305547,28.3,30.2,40,18,D.Erstad (6.4),M.Scioscia (99-63)
2001,LAA,AL West,162,75,87,0,0.463,0.475,3rd of 4,41,691,730,2000919,27.9,28.9,38,18,T.Glaus (5.2),M.Scioscia (75-87)
2000,LAA,AL West,162,82,80,0,0.506,0.497,3rd of 4,9.5,864,869,2066982,27.6,28.9,45,25,D.Erstad (8.3),M.Scioscia (82-80)
1999,LAA,AL West,162,70,92,0,0.432,0.432,4th of 4,25,711,826,2253123,28.6,31.5,45,20,R.Velarde (4.2),T.Collins (51-82) and J.Maddon (19-10)
1998,LAA,AL West,162,85,77,0,0.525,0.502,2nd of 4,3,787,783,2519280,28.7,29.8,45,19,C.Finley (7.1),T.Collins (85-77)
1997,LAA,AL West,162,84,78,0,0.519,0.52,2nd of 4,6,829,794,1767330,29.8,28.3,43,21,T.Salmon (5.0),T.Collins (84-78)
1996,LAA,AL West,161,70,91,0,0.435,0.404,4th of 4,19.5,762,943,1820521,29.3,29.1,52,30,J.Edmonds (5.0),"M.Lachemann (52-59), J.McNamara (10-18) and J.Maddon (8-14)"
1995,LAA,AL West,145,78,67,0,0.538,0.563,2nd of 4,1,801,697,1748680,28.8,30.7,45,20,T.Salmon (6.6),M.Lachemann (78-67)
2019,NYY,AL East,162,103,59,0,0.636,0.61,1st of 5,--,943,739,3304404,28.3,30.2,54,32,D.LeMahieu (6.0),A.Boone (103-59)
2018,NYY,AL East,162,100,62,0,0.617,0.608,2nd of 5,8,851,669,3482855,27.2,28.8,49,27,A.Judge (5.5),A.Boone (100-62)
2017,NYY,AL East,162,91,71,0,0.562,0.618,2nd of 5,2,858,660,3154938,28.6,27.8,51,25,A.Judge (8.1),J.Girardi (91-71)
2016,NYY,AL East,162,84,78,0,0.519,0.485,4th of 5,9,680,702,3063405,30.1,27.9,53,29,M.Tanaka (5.2),J.Girardi (84-78)
2015,NYY,AL East,162,87,75,0,0.537,0.541,2nd of 5,6,764,698,3193795,31.4,27.4,56,33,D.Betances (4.0),J.Girardi (87-75)
2014,NYY,AL East,162,84,78,0,0.519,0.478,2nd of 5,12,633,664,3401624,32.8,29.3,58,33,B.Gardner (3.9),J.Girardi (84-78)
2013,NYY,AL East,162,85,77,0,0.525,0.485,3rd of 5,12,650,671,3279589,31.9,31.8,56,24,R.Cano (7.8),J.Girardi (85-77)
2012,NYY,AL East,162,95,67,0,0.586,0.584,1st of 5,--,804,668,3542406,32.9,30.3,45,24,R.Cano (8.4),J.Girardi (95-67)
2011,NYY,AL East,162,97,65,0,0.599,0.624,1st of 5,--,867,657,3653680,30.6,31,48,28,C.Sabathia (6.4),J.Girardi (97-65)
2010,NYY,AL East,162,95,67,0,0.586,0.597,2nd of 5,1,859,693,3765807,30.3,30.3,43,21,R.Cano (8.1),J.Girardi (95-67)
2009,NYY,AL East,162,103,59,0,0.636,0.588,1st of 5,--,915,753,3719358,30.6,29.3,45,24,D.Jeter (6.6),J.Girardi (103-59)
2008,NYY,AL East,162,89,73,0,0.549,0.537,3rd of 5,8,789,727,4298655,31.4,30.6,51,27,A.Rodriguez (6.8),J.Girardi (89-73)
2007,NYY,AL East,162,94,68,0,0.58,0.599,2nd of 5,2,968,777,4271083,30.7,31.4,49,28,A.Rodriguez (9.4),J.Torre (94-68)
2006,NYY,AL East,162,97,65,0,0.599,0.587,1st of 5,--,930,767,4248067,30.9,32.5,49,25,C.Wang (6.0),J.Torre (97-65)
2005,NYY,AL East,162,95,67,0,0.586,0.553,1st of 5,--,886,789,4090696,32.3,34.2,51,28,A.Rodriguez (9.4),J.Torre (95-67)
2004,NYY,AL East,162,101,61,0,0.623,0.548,1st of 5,--,897,808,3775292,32.2,32.9,43,23,A.Rodriguez (7.6),J.Torre (101-61)
2003,NYY,AL East,163,101,61,1,0.623,0.592,1st of 5,--,877,716,3465600,30.3,33.7,49,23,M.Mussina (6.6),J.Torre (101-61)
2002,NYY,AL East,161,103,58,0,0.64,0.613,1st of 5,--,897,697,3465807,29.9,33.1,38,17,J.Giambi (7.1),J.Torre (103-58)
2001,NYY,AL East,161,95,65,1,0.594,0.555,1st of 5,--,804,713,3264907,31.2,30.9,47,20,M.Mussina (7.1),J.Torre (95-65)
2000,NYY,AL East,161,87,74,0,0.54,0.531,1st of 5,--,871,814,3055435,31.3,32,46,22,J.Posada (5.5),J.Torre (87-74)
1999,NYY,AL East,162,98,64,0,0.605,0.594,1st of 5,--,900,731,3292736,30.9,31.2,39,18,D.Jeter (8.0),J.Torre (98-64)
1998,NYY,AL East,162,114,48,0,0.704,0.67,1st of 5,--,965,656,2955193,30.4,30.2,38,19,D.Jeter (7.5),J.Torre (114-48)
1997,NYY,AL East,162,96,66,0,0.593,0.616,2nd of 5,2,891,688,2580325,30.6,29.6,41,18,A.Pettitte (8.4),J.Torre (96-66)
1996,NYY,AL East,162,92,70,0,0.568,0.546,1st of 5,--,871,787,2250877,30.1,29.3,48,24,A.Pettitte (5.6),J.Torre (92-70)
1995,NYY,AL East,145,79,65,1,0.549,0.539,2nd of 5,7,749,688,1705263,31.1,28.1,42,20,B.Williams (6.4),B.Showalter (79-65)
2019,BOS,AL East,162,84,78,0,0.519,0.539,3rd of 5,19,901,828,2924627,27.3,29,47,27,M.Betts (6.8),A.Cora (84-78)
2018,BOS,AL East,162,108,54,0,0.667,0.635,1st of 5,--,876,647,2895575,27.7,28.9,44,23,M.Betts (10.9),A.Cora (108-54)
2017,BOS,AL East,162,93,69,0,0.574,0.573,1st of 5,--,785,668,2917678,27.3,28.4,49,27,M.Betts (6.4),J.Farrell (93-69)
2016,BOS,AL East,162,93,69,0,0.574,0.606,1st of 5,--,878,694,2955434,28.5,29,50,26,M.Betts (9.7),J.Farrell (93-69)
2015,BOS,AL East,162,78,84,0,0.481,0.497,5th of 5,15,748,753,2880694,28.3,28.6,51,26,M.Betts (5.9),J.Farrell (78-84)
2014,BOS,AL East,162,71,91,0,0.438,0.445,5th of 5,25,634,715,2956089,29.2,29.9,55,25,D.Pedroia (4.7),J.Farrell (71-91)
2013,BOS,AL East,162,97,65,0,0.599,0.618,1st of 5,--,853,656,2833333,29.6,30.2,48,26,D.Pedroia (6.3),J.Farrell (97-65)
2012,BOS,AL East,162,69,93,0,0.426,0.457,5th of 5,26,734,806,3043003,29.4,28.7,56,26,D.Pedroia (5.1),B.Valentine (69-93)
2011,BOS,AL East,162,90,72,0,0.556,0.578,3rd of 5,7,875,737,3054001,30.1,30.3,49,27,J.Ellsbury (8.3),T.Francona (90-72)
2010,BOS,AL East,162,89,73,0,0.549,0.543,3rd of 5,7,818,744,3046445,30.9,29.6,53,25,A.Beltre (7.8),T.Francona (89-73)
2009,BOS,AL East,162,95,67,0,0.586,0.577,2nd of 5,8,872,736,3062699,30,29.8,52,27,K.Youkilis (6.6),T.Francona (95-67)
2008,BOS,AL East,162,95,67,0,0.586,0.589,2nd of 5,2,845,694,3048250,29.8,29.2,47,23,D.Pedroia (6.9),T.Francona (95-67)
2007,BOS,AL East,162,96,66,0,0.593,0.624,1st of 5,--,867,657,2970755,30.1,31.1,40,20,J.Beckett (6.5),T.Francona (96-66)
2006,BOS,AL East,162,86,76,0,0.531,0.497,3rd of 5,11,820,825,2930588,30.5,31.1,53,28,D.Ortiz (5.8),T.Francona (86-76)
2005,BOS,AL East,162,95,67,0,0.586,0.556,2nd of 5,--,910,805,2847888,31.3,33.6,52,26,D.Ortiz (5.2),T.Francona (95-67)
2004,BOS,AL East,162,98,64,0,0.605,0.596,2nd of 5,3,949,768,2837294,30.4,32.5,50,26,C.Schilling (7.8),T.Francona (98-64)
2003,BOS,AL East,162,95,67,0,0.586,0.578,2nd of 5,6,961,809,2724165,29.7,31.2,47,26,P.Martinez (8.0),G.Little (95-67)
2002,BOS,AL East,162,93,69,0,0.574,0.615,2nd of 5,10.5,859,665,2650862,29.9,31.1,39,18,D.Lowe (7.3),G.Little (93-69)
2001,BOS,AL East,161,82,79,0,0.509,0.516,2nd of 5,13.5,772,745,2625333,30,30.9,48,23,M.Ramirez (5.2),J.Williams (65-53) and J.Kerrigan (17-26)
2000,BOS,AL East,162,85,77,0,0.525,0.528,2nd of 5,2.5,792,745,2585895,29.3,30.2,52,24,P.Martinez (11.7),J.Williams (85-77)
1999,BOS,AL East,162,94,68,0,0.58,0.569,2nd of 5,4,836,718,2446162,28.9,30.1,48,25,P.Martinez (9.8),J.Williams (94-68)
1998,BOS,AL East,162,92,70,0,0.568,0.583,2nd of 5,22,876,729,2314704,28.8,29.5,47,23,N.Garciaparra (7.1),J.Williams (92-70)
1997,BOS,AL East,162,78,84,0,0.481,0.497,4th of 5,20,851,857,2226136,28,27.8,46,25,N.Garciaparra (6.6),J.Williams (78-84)
1996,BOS,AL East,162,85,77,0,0.525,0.503,3rd of 5,7,928,921,2315231,28.4,28.7,55,23,R.Clemens (7.8),K.Kennedy (85-77)
1995,BOS,AL East,144,86,58,0,0.597,0.557,1st of 5,--,791,698,2164410,28.6,29.1,53,26,J.Valentin (8.3),K.Kennedy (86-58)
2019,TOR,AL East,162,67,95,0,0.414,0.44,4th of 5,36,726,828,1750144,25.9,28,61,39,M.Stroman (3.2),C.Montoyo (67-95)
2018,TOR,AL East,162,73,89,0,0.451,0.427,4th of 5,35,709,832,2325281,29,29.3,63,36,K.Pillar (2.5),J.Gibbons (73-89)
2017,TOR,AL East,162,76,86,0,0.469,0.444,4th of 5,17,693,784,3203886,31,28.8,60,34,M.Stroman (5.5),J.Gibbons (76-86)
2016,TOR,AL East,162,89,73,0,0.549,0.56,2nd of 5,4,759,666,3392099,30.1,29.8,49,29,J.Donaldson (7.6),J.Gibbons (89-73)
2015,TOR,AL East,162,93,69,0,0.574,0.628,1st of 5,--,891,670,2794891,29.6,29.2,52,28,J.Donaldson (8.5),J.Gibbons (93-69)
2014,TOR,AL East,162,83,79,0,0.512,0.524,3rd of 5,13,723,686,2375525,29.2,29.6,55,27,J.Bautista (6.7),J.Gibbons (83-79)
2013,TOR,AL East,162,74,88,0,0.457,0.473,5th of 5,23,712,756,2536562,29,30.9,53,31,C.Rasmus (4.9),J.Gibbons (74-88)
2012,TOR,AL East,162,73,89,0,0.451,0.459,4th of 5,22,716,784,2099663,27.8,27.8,54,34,E.Encarnacion (5.0),J.Farrell (73-89)
2011,TOR,AL East,162,81,81,0,0.5,0.489,4th of 5,16,743,761,1818103,28.3,27.6,53,30,J.Bautista (8.3),J.Farrell (81-81)
2010,TOR,AL East,162,85,77,0,0.525,0.517,4th of 5,11,755,728,1495482,29.3,28,44,24,J.Bautista (7.0),C.Gaston (85-77)
2009,TOR,AL East,162,75,87,0,0.463,0.516,4th of 5,28,798,771,1876129,29.9,28.4,44,24,R.Halladay (6.9),C.Gaston (75-87)
2008,TOR,AL East,162,86,76,0,0.531,0.572,4th of 5,11,714,610,2399786,31,28.6,43,19,R.Halladay (6.2),J.Gibbons (35-39) and C.Gaston (51-37)
2007,TOR,AL East,162,83,79,0,0.512,0.534,3rd of 5,13,753,699,2360644,30.5,27.3,46,23,A.Rios (5.6),J.Gibbons (83-79)
2006,TOR,AL East,162,87,75,0,0.537,0.532,2nd of 5,10,809,754,2302212,28.6,28.1,42,21,V.Wells (6.2),J.Gibbons (87-75)
2005,TOR,AL East,162,80,82,0,0.494,0.543,3rd of 5,15,775,705,2014995,28,28.2,37,18,R.Halladay (5.5),J.Gibbons (80-82)
2004,TOR,AL East,161,67,94,0,0.416,0.439,5th of 5,33.5,719,823,1900041,28,28.6,47,25,O.Hudson (5.2),C.Tosca (47-64) and J.Gibbons (20-30)
2003,TOR,AL East,162,86,76,0,0.531,0.536,3rd of 5,15,894,826,1799458,28.4,29,40,22,R.Halladay (8.0),C.Tosca (86-76)
2002,TOR,AL East,162,78,84,0,0.481,0.492,3rd of 5,25.5,813,828,1637900,27.2,27.4,45,24,R.Halladay (7.1),B.Martinez (20-33) and C.Tosca (58-51)
2001,TOR,AL East,162,80,82,0,0.494,0.508,3rd of 5,16,767,753,1915438,28.2,28.5,41,20,C.Delgado (4.5),B.Martinez (80-82)
2000,TOR,AL East,162,83,79,0,0.512,0.476,3rd of 5,4.5,861,908,1705712,28.1,28.9,45,22,C.Delgado (7.3),J.Fregosi (83-79)
1999,TOR,AL East,162,84,78,0,0.519,0.511,3rd of 5,14,883,862,2163464,28.3,27.9,53,22,S.Green (6.4),J.Fregosi (84-78)
1998,TOR,AL East,163,88,74,1,0.543,0.528,3rd of 5,26,816,768,2454303,28.9,30.3,41,20,R.Clemens (8.1),T.Johnson (88-74)
1997,TOR,AL East,162,76,86,0,0.469,0.473,5th of 5,22,654,694,2589297,29.6,28.8,44,20,R.Clemens (12.1),C.Gaston (72-85) and M.Queen (4-1)
1996,TOR,AL East,162,74,88,0,0.457,0.475,4th of 5,18,766,809,2559573,28.6,28.3,40,20,P.Hentgen (8.6),C.Gaston (74-88)
1995,TOR,AL East,144,56,88,0,0.389,0.414,5th of 5,30,642,777,2826483,28.9,28.7,39,20,A.Leiter (5.7),C.Gaston (56-88)
2019,BAL,AL East,162,54,108,0,0.333,0.367,5th of 5,49,729,981,1307807,26.5,27.3,58,38,J.Means (4.6),B.Hyde (54-108)
2018,BAL,AL East,162,47,115,0,0.29,0.341,5th of 5,61,622,892,1564192,28.4,27.1,56,30,M.Machado (2.9),B.Showalter (47-115)
2017,BAL,AL East,162,75,87,0,0.463,0.444,5th of 5,18,743,841,2028424,28.6,28.2,50,26,J.Schoop (5.2),B.Showalter (75-87)
2016,BAL,AL East,162,89,73,0,0.549,0.518,2nd of 5,4,744,715,2172344,28.5,27.9,47,27,M.Machado (6.9),B.Showalter (89-73)
2015,BAL,AL East,162,81,81,0,0.5,0.513,3rd of 5,12,713,693,2281202,27.9,28.3,48,22,M.Machado (7.1),B.Showalter (81-81)
2014,BAL,AL East,162,96,66,0,0.593,0.578,1st of 5,--,705,593,2464473,28.3,27.7,44,20,S.Pearce (5.9),B.Showalter (96-66)
2013,BAL,AL East,162,85,77,0,0.525,0.523,3rd of 5,12,745,709,2357561,27.8,27.9,52,26,M.Machado (6.7),B.Showalter (85-77)
2012,BAL,AL East,162,93,69,0,0.574,0.505,2nd of 5,2,712,705,2102240,28,27.6,52,26,M.Wieters (4.1),B.Showalter (93-69)
2011,BAL,AL East,162,69,93,0,0.426,0.412,5th of 5,28,708,860,1755461,28.3,28.2,50,27,M.Wieters (5.2),B.Showalter (69-93)
2010,BAL,AL East,162,66,96,0,0.407,0.389,5th of 5,30,613,785,1733019,28.6,28.4,45,23,J.Guthrie (4.5),"D.Trembley (15-39), J.Samuel (17-34) and B.Showalter (34-23)"
2009,BAL,AL East,162,64,98,0,0.395,0.424,5th of 5,39,741,876,1907163,28.7,28.1,48,27,B.Bergesen (3.3),D.Trembley (64-98)
2008,BAL,AL East,161,68,93,0,0.422,0.452,5th of 5,28.5,782,869,1950075,30.1,27.9,46,26,N.Markakis (7.4),D.Trembley (68-93)
2007,BAL,AL East,162,69,93,0,0.426,0.437,4th of 5,27,756,868,2164822,30.4,29,49,27,E.Bedard (5.8),S.Perlozzo (29-40) and D.Trembley (40-53)
2006,BAL,AL East,162,70,92,0,0.432,0.428,4th of 5,27,768,899,2153139,30.4,27.9,46,24,M.Tejada (4.5),S.Perlozzo (70-92)
2005,BAL,AL East,162,74,88,0,0.457,0.458,4th of 5,21,729,800,2624740,31.5,28.3,46,20,B.Roberts (7.3),L.Mazzilli (51-56) and S.Perlozzo (23-32)
2004,BAL,AL East,162,78,84,0,0.481,0.507,3rd of 5,23,842,830,2744018,30.5,27.4,47,22,M.Tejada (7.4),L.Mazzilli (78-84)
2003,BAL,AL East,163,71,91,1,0.438,0.455,4th of 5,30,743,820,2454523,29.3,29.2,42,20,M.Mora (4.7),M.Hargrove (71-91)
2002,BAL,AL East,162,67,95,0,0.414,0.433,4th of 5,36.5,667,773,2682439,29.2,27.8,46,20,M.Mora (4.7),M.Hargrove (67-95)
2001,BAL,AL East,162,63,98,1,0.391,0.415,4th of 5,32.5,687,829,3094841,30.2,27.6,46,22,J.Conine (2.9),M.Hargrove (63-98)
2000,BAL,AL East,162,74,88,0,0.457,0.436,4th of 5,13.5,794,913,3297031,32.2,29.1,50,22,M.Mussina (5.6),M.Hargrove (74-88)
1999,BAL,AL East,162,78,84,0,0.481,0.52,4th of 5,20,851,815,3433150,32.5,30.1,43,21,B.Anderson (5.9),R.Miller (78-84)
1998,BAL,AL East,162,79,83,0,0.488,0.518,4th of 5,35,817,785,3684650,33.2,30.5,48,22,R.Palmeiro (6.3),R.Miller (79-83)
1997,BAL,AL East,162,98,64,0,0.605,0.58,1st of 5,--,812,681,3711132,31.7,30.7,39,17,M.Mussina (5.5),D.Johnson (98-64)
1996,BAL,AL East,163,88,74,1,0.543,0.523,2nd of 5,4,949,903,3646950,31.2,28.9,45,23,B.Anderson (6.9),D.Johnson (88-74)
1995,BAL,AL East,144,71,73,0,0.493,0.543,3rd of 5,15,704,640,3098475,30,29.3,46,23,M.Mussina (6.1),P.Regan (71-73)
2019,TBR,AL East,162,96,66,0,0.593,0.572,2nd of 5,7,769,656,1178735,27.2,27.8,57,33,C.Morton (5.0),K.Cash (96-66)
2018,TBR,AL East,162,90,72,0,0.556,0.547,3rd of 5,18,716,646,1154973,27.1,27.1,54,31,B.Snell (7.5),K.Cash (90-72)
2017,TBR,AL East,162,80,82,0,0.494,0.493,3rd of 5,13,694,704,1253619,28.3,27.6,53,31,K.Kiermaier (5.0),K.Cash (80-82)
2016,TBR,AL East,162,68,94,0,0.42,0.473,5th of 5,25,672,713,1286163,27.7,26.9,48,25,K.Kiermaier (5.5),K.Cash (68-94)
2015,TBR,AL East,162,80,82,0,0.494,0.501,4th of 5,13,644,642,1287054,28.5,26.7,51,27,K.Kiermaier (7.5),K.Cash (80-82)
2014,TBR,AL East,162,77,85,0,0.475,0.49,4th of 5,19,612,625,1446464,29.3,28.4,43,23,B.Zobrist (5.0),J.Maddon (77-85)
2013,TBR,AL East,163,92,71,0,0.564,0.537,2nd of 5,5.5,700,646,1510300,29.5,29,42,21,E.Longoria (6.2),J.Maddon (92-71)
2012,TBR,AL East,162,90,72,0,0.556,0.586,3rd of 5,5,697,577,1559681,29.7,28.1,43,18,D.Price (6.6),J.Maddon (90-72)
2011,TBR,AL East,162,91,71,0,0.562,0.564,2nd of 5,6,707,614,1529188,28.2,27.8,42,21,B.Zobrist (7.6),J.Maddon (91-71)
2010,TBR,AL East,162,96,66,0,0.593,0.596,1st of 5,--,802,649,1864999,27.5,28,37,17,E.Longoria (8.2),J.Maddon (96-66)
2009,TBR,AL East,162,84,78,0,0.519,0.529,3rd of 5,19,803,754,1874962,27.8,28.4,41,21,B.Zobrist (8.6),J.Maddon (84-78)
2008,TBR,AL East,162,97,65,0,0.599,0.565,1st of 5,--,774,671,1811986,27,27.5,46,21,C.Pena (5.1),J.Maddon (97-65)
2007,TBR,AL East,162,66,96,0,0.407,0.415,5th of 5,30,782,944,1387603,25.9,27,45,24,C.Pena (7.2),J.Maddon (66-96)
2006,TBR,AL East,162,61,101,0,0.377,0.402,5th of 5,36,689,856,1368950,27.3,27,49,25,C.Crawford (4.5),J.Maddon (61-101)
2005,TBR,AL East,162,67,95,0,0.414,0.4,5th of 5,28,750,936,1141669,27.5,27.4,43,21,C.Crawford (4.4),L.Piniella (67-95)
2004,TBR,AL East,161,70,91,0,0.435,0.425,4th of 5,30.5,714,842,1274911,28.1,27.5,48,24,C.Crawford (4.9),L.Piniella (70-91)
2003,TBR,AL East,162,63,99,0,0.389,0.42,5th of 5,38,715,852,1058695,26.3,26.4,51,24,A.Huff (4.0),L.Piniella (63-99)
2002,TBR,AL East,161,55,106,0,0.342,0.362,5th of 5,48,673,918,1065742,27.1,26.9,43,22,R.Winn (4.9),H.McRae (55-106)
2001,TBR,AL East,162,62,100,0,0.383,0.376,5th of 5,34,672,887,1298365,28.1,26.9,46,24,T.Sturtze (3.3),L.Rothschild (4-10) and H.McRae (58-90)
2000,TBR,AL East,161,69,92,0,0.429,0.437,5th of 5,18,733,842,1449673,30.1,29.3,51,24,G.Vaughn (3.2),L.Rothschild (69-92)
1999,TBR,AL East,162,69,93,0,0.426,0.424,5th of 5,29,772,913,1562827,30.2,29.6,46,24,F.McGriff (4.0),L.Rothschild (69-93)
1998,TBR,AL East,162,63,99,0,0.389,0.413,5th of 5,51,620,751,2506293,29.1,27.9,42,22,R.Arrojo (4.1),L.Rothschild (63-99)
2019,MIN,AL Central,162,101,61,0,0.623,0.599,1st of 5,--,939,754,2294152,27.8,28.2,50,31,J.Polanco (5.7),R.Baldelli (101-61)
2018,MIN,AL Central,162,78,84,0,0.481,0.478,2nd of 5,13,738,775,1959197,28.2,28.5,54,36,K.Gibson (3.9),P.Molitor (78-84)
2017,MIN,AL Central,162,85,77,0,0.525,0.515,2nd of 5,17,815,788,2051279,27.1,29.6,52,36,B.Buxton (5.1),P.Molitor (85-77)
2016,MIN,AL Central,162,59,103,0,0.364,0.406,5th of 5,35.5,722,889,1963912,26.9,28.3,49,29,B.Dozier (6.3),P.Molitor (59-103)
2015,MIN,AL Central,162,83,79,0,0.512,0.497,2nd of 5,12,696,700,2220054,28.3,29.1,44,24,K.Gibson (3.0),P.Molitor (83-79)
2014,MIN,AL Central,162,70,92,0,0.432,0.462,5th of 5,20,715,777,2250606,27.5,29.2,48,23,B.Dozier (5.2),R.Gardenhire (70-92)
2013,MIN,AL Central,162,66,96,0,0.407,0.388,4th of 5,27,614,788,2477644,28.3,28.3,44,23,J.Mauer (5.6),R.Gardenhire (66-96)
2012,MIN,AL Central,162,66,96,0,0.407,0.422,5th of 5,22,701,832,2776354,28.9,27.8,47,25,D.Span (4.9),R.Gardenhire (66-96)
2011,MIN,AL Central,162,63,99,0,0.389,0.383,5th of 5,32,619,804,3168116,27.5,28.5,45,24,S.Baker (4.3),R.Gardenhire (63-99)
2010,MIN,AL Central,162,94,68,0,0.58,0.569,1st of 5,--,781,671,3223640,28.4,28.6,42,21,J.Mauer (5.9),R.Gardenhire (94-68)
2009,MIN,AL Central,163,87,76,0,0.534,0.53,1st of 5,--,817,765,2416237,27.6,27.9,42,24,J.Mauer (7.8),R.Gardenhire (87-76)
2008,MIN,AL Central,163,88,75,0,0.54,0.549,2nd of 5,1,829,745,2302431,26.2,27.5,40,19,J.Mauer (5.6),R.Gardenhire (88-75)
2007,MIN,AL Central,162,79,83,0,0.488,0.496,3rd of 5,17,718,725,2296383,28.4,27.4,42,19,J.Santana (5.2),R.Gardenhire (79-83)
2006,MIN,AL Central,162,96,66,0,0.593,0.572,1st of 5,--,801,683,2285018,28.3,26.9,39,17,J.Santana (7.6),R.Gardenhire (96-66)
2005,MIN,AL Central,162,83,79,0,0.512,0.518,3rd of 5,16,688,662,2034243,27.6,27.9,37,15,J.Santana (7.2),R.Gardenhire (83-79)
2004,MIN,AL Central,162,92,70,0,0.568,0.54,1st of 5,--,780,715,1911490,27.8,28.2,42,18,J.Santana (8.8),R.Gardenhire (92-70)
2003,MIN,AL Central,162,90,72,0,0.556,0.525,1st of 5,--,801,758,1946011,27.2,29.7,42,20,A.Pierzynski (4.5),R.Gardenhire (90-72)
2002,MIN,AL Central,161,94,67,0,0.584,0.535,1st of 5,--,768,712,1924473,26.6,28.8,42,19,J.Jones (5.4),R.Gardenhire (94-67)
2001,MIN,AL Central,162,85,77,0,0.525,0.503,2nd of 5,6,771,766,1782929,26.2,27.4,42,21,J.Mays (6.6),T.Kelly (85-77)
2000,MIN,AL Central,162,69,93,0,0.426,0.426,5th of 5,26,748,880,1000760,26.5,26.6,41,17,B.Radke (6.2),T.Kelly (69-93)
1999,MIN,AL Central,161,63,97,1,0.394,0.406,5th of 5,33,686,845,1202829,26.8,26.3,37,18,B.Radke (6.5),T.Kelly (63-97)
1998,MIN,AL Central,162,70,92,0,0.432,0.451,4th of 5,19,734,818,1165976,29.9,28.7,38,17,B.Radke (5.2),T.Kelly (70-92)
1997,MIN,AL Central,162,68,94,0,0.42,0.45,4th of 5,18.5,772,861,1411064,29.2,28.1,39,18,C.Knoblauch (6.8),T.Kelly (68-94)
1996,MIN,AL Central,162,78,84,0,0.481,0.488,4th of 5,21.5,877,900,1437352,28.6,25.8,38,18,C.Knoblauch (8.7),T.Kelly (78-84)
1995,MIN,AL Central,144,56,88,0,0.389,0.394,5th of 5,44,703,889,1057667,27.4,25.7,46,22,C.Knoblauch (6.7),T.Kelly (56-88)
2019,CLE,AL Central,162,93,69,0,0.574,0.572,2nd of 5,8,769,657,1738642,27.8,28.3,54,30,S.Bieber (4.9),T.Francona (93-69)
2018,CLE,AL Central,162,91,71,0,0.562,0.605,1st of 5,--,818,648,1926701,29.4,29.4,49,27,J.Ramirez (7.9),T.Francona (91-71)
2017,CLE,AL Central,162,102,60,0,0.63,0.664,1st of 5,--,818,564,2048138,28.1,28.9,41,20,C.Kluber (8.2),T.Francona (102-60)
2016,CLE,AL Central,161,94,67,0,0.584,0.563,1st of 5,--,777,676,1591667,29,28.1,48,27,F.Lindor (5.9),T.Francona (94-67)
2015,CLE,AL Central,161,81,80,0,0.503,0.52,3rd of 5,13.5,669,640,1388905,28,27.3,49,27,J.Kipnis (4.6),T.Francona (81-80)
2014,CLE,AL Central,162,85,77,0,0.525,0.511,3rd of 5,5,669,653,1437393,28.6,27.2,46,23,C.Kluber (8.3),T.Francona (85-77)
2013,CLE,AL Central,162,92,70,0,0.568,0.554,2nd of 5,1,745,662,1572926,28.7,27.5,49,28,J.Kipnis (5.7),T.Francona (92-70)
2012,CLE,AL Central,162,68,94,0,0.42,0.393,4th of 5,20,667,845,1603596,27.8,27.6,48,24,J.Kipnis (3.9),M.Acta (65-91) and S.Alomar (3-3)
2011,CLE,AL Central,162,80,82,0,0.494,0.465,2nd of 5,15,704,760,1840835,27.8,26.7,46,22,A.Cabrera (4.7),M.Acta (80-82)
2010,CLE,AL Central,162,69,93,0,0.426,0.431,4th of 5,25,646,752,1391644,27.2,26.6,45,22,S.Choo (5.9),M.Acta (69-93)
2009,CLE,AL Central,162,65,97,0,0.401,0.449,4th of 5,21.5,773,865,1766242,27.4,27.8,52,29,S.Choo (5.5),E.Wedge (65-97)
2008,CLE,AL Central,162,81,81,0,0.5,0.526,3rd of 5,7.5,805,761,2169760,27.6,28.6,49,28,C.Lee (6.7),E.Wedge (81-81)
2007,CLE,AL Central,162,96,66,0,0.593,0.564,1st of 5,--,811,704,2275912,28,29.4,41,21,C.Sabathia (6.4),E.Wedge (96-66)
2006,CLE,AL Central,162,78,84,0,0.481,0.549,4th of 5,18,870,782,1997995,27.7,28.6,45,23,G.Sizemore (6.6),E.Wedge (78-84)
2005,CLE,AL Central,162,93,69,0,0.574,0.594,2nd of 5,6,790,642,2013763,27.5,29.2,38,17,G.Sizemore (6.6),E.Wedge (93-69)
2004,CLE,AL Central,162,80,82,0,0.494,0.501,3rd of 5,12,858,857,1814401,28.6,27.3,52,30,T.Hafner (5.0),E.Wedge (80-82)
2003,CLE,AL Central,162,68,94,0,0.42,0.451,4th of 5,22,699,778,1730002,27.1,26.3,54,29,M.Bradley (4.1),E.Wedge (68-94)
2002,CLE,AL Central,162,74,88,0,0.457,0.443,3rd of 5,20.5,739,837,2616940,30.4,28.1,59,31,J.Thome (7.4),C.Manuel (39-47) and J.Skinner (35-41)
2001,CLE,AL Central,162,91,71,0,0.562,0.54,1st of 5,--,897,821,3175523,31.1,29.1,44,24,R.Alomar (7.3),C.Manuel (91-71)
2000,CLE,AL Central,162,90,72,0,0.556,0.569,2nd of 5,5,950,816,3456278,30.1,30.2,55,32,R.Alomar (5.6),C.Manuel (90-72)
1999,CLE,AL Central,162,97,65,0,0.599,0.573,1st of 5,--,1009,860,3468456,29,30.6,51,25,R.Alomar (7.4),M.Hargrove (97-65)
1998,CLE,AL Central,162,89,73,0,0.549,0.54,1st of 5,--,850,779,3467299,29.4,29.8,48,23,K.Lofton (6.0),M.Hargrove (89-73)
1997,CLE,AL Central,161,86,75,0,0.534,0.529,1st of 5,--,868,815,3404750,30.2,29.7,46,21,J.Thome (5.5),M.Hargrove (86-75)
1996,CLE,AL Central,161,99,62,0,0.615,0.596,1st of 5,--,952,769,3318174,29.7,30.3,44,18,J.Thome (7.5),M.Hargrove (99-62)
1995,CLE,AL Central,144,100,44,0,0.694,0.644,1st of 5,--,840,607,2842745,29,30.6,41,20,A.Belle (7.0),M.Hargrove (100-44)
2019,CHW,AL Central,161,72,89,0,0.447,0.427,3rd of 5,28.5,708,832,1649775,27.6,27.6,47,27,L.Giolito (5.6),R.Renteria (72-89)
2018,CHW,AL Central,162,62,100,0,0.383,0.385,4th of 5,29,656,848,1608817,26.5,27.6,51,31,R.Lopez (3.1),R.Renteria (62-100)
2017,CHW,AL Central,162,67,95,0,0.414,0.432,4th of 5,35,706,820,1629470,26.7,28.7,51,31,J.Abreu (4.8),R.Renteria (67-95)
2016,CHW,AL Central,162,78,84,0,0.481,0.481,4th of 5,16.5,686,715,1746293,28.3,28.6,50,28,A.Eaton (6.1),R.Ventura (78-84)
2015,CHW,AL Central,162,76,86,0,0.469,0.446,4th of 5,19,622,701,1755810,28.2,27.8,40,24,J.Quintana (4.0),R.Ventura (76-86)
2014,CHW,AL Central,162,73,89,0,0.451,0.437,4th of 5,17,660,758,1650821,27.7,27.4,44,26,C.Sale (6.1),R.Ventura (73-89)
2013,CHW,AL Central,162,63,99,0,0.389,0.414,5th of 5,30,598,723,1768413,29.2,27.1,47,24,C.Sale (6.5),R.Ventura (63-99)
2012,CHW,AL Central,162,85,77,0,0.525,0.546,2nd of 5,3,748,676,1965955,30,27.5,45,25,C.Sale (5.6),R.Ventura (85-77)
2011,CHW,AL Central,162,79,83,0,0.488,0.465,3rd of 5,16,654,706,2001117,30,28.5,42,22,M.Buehrle (3.8),O.Guillen (78-82) and D.Cooper (1-1)
2010,CHW,AL Central,162,88,74,0,0.543,0.53,2nd of 5,6,752,704,2194378,30.7,29,40,20,A.Ramirez (5.6),O.Guillen (88-74)
2009,CHW,AL Central,162,79,83,0,0.488,0.495,3rd of 5,7.5,724,732,2284163,29.8,29.5,45,24,M.Buehrle (5.5),O.Guillen (79-83)
2008,CHW,AL Central,163,89,74,0,0.546,0.549,1st of 5,--,811,729,2500648,30.6,28.3,39,19,J.Danks (6.4),O.Guillen (89-74)
2007,CHW,AL Central,162,72,90,0,0.444,0.413,4th of 5,24,693,839,2684395,29.8,27.7,43,21,J.Vazquez (6.1),O.Guillen (72-90)
2006,CHW,AL Central,162,90,72,0,0.556,0.541,3rd of 5,6,868,794,2957414,29.8,27.9,37,18,J.Thome (4.9),O.Guillen (90-72)
2005,CHW,AL Central,162,99,63,0,0.611,0.563,1st of 5,--,741,645,2342833,29.3,29.3,38,17,M.Buehrle (4.8),O.Guillen (99-63)
2004,CHW,AL Central,162,83,79,0,0.512,0.518,2nd of 5,9,865,831,1930537,28.6,28.2,42,22,A.Rowand (5.7),O.Guillen (83-79)
2003,CHW,AL Central,162,86,76,0,0.531,0.546,2nd of 5,4,791,715,1939524,29.4,27.9,40,20,E.Loaiza (7.2),J.Manuel (86-76)
2002,CHW,AL Central,162,81,81,0,0.5,0.532,2nd of 5,13.5,856,798,1676911,28.9,25.8,35,16,M.Ordonez (5.1),J.Manuel (81-81)
2001,CHW,AL Central,162,83,79,0,0.512,0.502,3rd of 5,8,798,795,1766172,28.5,26.2,42,21,M.Buehrle (6.0),J.Manuel (83-79)
2000,CHW,AL Central,162,95,67,0,0.586,0.57,1st of 5,--,978,839,1947799,27.6,26.5,42,22,F.Thomas (6.0),J.Manuel (95-67)
1999,CHW,AL Central,162,75,86,1,0.466,0.448,2nd of 5,21.5,777,870,1338851,25.8,26.4,40,21,M.Ordonez (5.8),J.Manuel (75-86)
1998,CHW,AL Central,163,80,82,1,0.494,0.464,2nd of 5,9,861,931,1391146,27.4,26.4,39,20,A.Belle (7.1),J.Manuel (80-82)
1997,CHW,AL Central,161,80,81,0,0.497,0.469,2nd of 5,6,779,833,1864782,29.3,29.4,45,22,F.Thomas (7.3),T.Bevington (80-81)
1996,CHW,AL Central,162,85,77,0,0.525,0.556,2nd of 5,14.5,898,794,1676403,30.6,27.8,44,22,A.Fernandez (6.4),T.Bevington (85-77)
1995,CHW,AL Central,145,68,76,1,0.472,0.498,3rd of 5,32,755,758,1609773,29.5,27.6,46,26,F.Thomas (5.3),G.Lamont (11-20) and T.Bevington (57-56)
2019,KCR,AL Central,162,59,103,0,0.364,0.397,4th of 5,42,691,869,1479659,27.6,27.9,51,30,W.Merrifield (4.0),N.Yost (59-103)
2018,KCR,AL Central,162,58,104,0,0.358,0.38,5th of 5,33,638,833,1665107,28.6,27.6,49,27,W.Merrifield (5.5),N.Yost (58-104)
2017,KCR,AL Central,162,80,82,0,0.494,0.446,3rd of 5,22,702,791,2220370,28.9,30.3,49,29,L.Cain (5.4),N.Yost (80-82)
2016,KCR,AL Central,162,81,81,0,0.5,0.476,3rd of 5,13.5,675,712,2557712,28.5,29.9,42,21,I.Kennedy (3.9),N.Yost (81-81)
2015,KCR,AL Central,162,95,67,0,0.586,0.555,1st of 5,--,724,641,2708549,29.1,30,45,24,L.Cain (7.2),N.Yost (95-67)
2014,KCR,AL Central,162,89,73,0,0.549,0.519,2nd of 5,1,651,624,1956482,28.2,28.9,48,23,A.Gordon (6.5),N.Yost (89-73)
2013,KCR,AL Central,162,86,76,0,0.531,0.534,3rd of 5,7,648,601,1750754,26.9,28.9,43,21,J.Shields (4.4),N.Yost (86-76)
2012,KCR,AL Central,162,72,90,0,0.444,0.455,3rd of 5,16,676,746,1739859,26.1,27.3,46,25,A.Gordon (6.3),N.Yost (72-90)
2011,KCR,AL Central,162,71,91,0,0.438,0.48,4th of 5,24,730,762,1724450,25.8,26.4,42,23,A.Gordon (7.3),N.Yost (71-91)
2010,KCR,AL Central,162,67,95,0,0.414,0.399,5th of 5,27,676,845,1615327,28.9,27.5,46,25,J.Soria (3.7),T.Hillman (12-23) and N.Yost (55-72)
2009,KCR,AL Central,162,65,97,0,0.401,0.407,4th of 5,21.5,686,842,1797891,27.6,28.7,43,23,Z.Greinke (10.4),T.Hillman (65-97)
2008,KCR,AL Central,162,75,87,0,0.463,0.444,4th of 5,13.5,691,781,1578922,28,27.6,43,25,Z.Greinke (5.3),T.Hillman (75-87)
2007,KCR,AL Central,162,69,93,0,0.426,0.456,5th of 5,27,706,778,1616867,28,27.1,45,23,G.Meche (4.1),B.Bell (69-93)
2006,KCR,AL Central,162,62,100,0,0.383,0.388,5th of 5,34,757,971,1372638,29.7,27.7,55,31,M.Teahen (3.7),B.Bell (62-100)
2005,KCR,AL Central,162,56,106,0,0.346,0.371,5th of 5,43,701,935,1371181,28.1,25.7,46,22,D.DeJesus (4.4),"T.Pena (8-25), B.Schaefer (5-12) and B.Bell (43-69)"
2004,KCR,AL Central,162,58,104,0,0.358,0.397,5th of 5,34,720,905,1661478,29,27.4,58,25,Z.Greinke (3.7),T.Pena (58-104)
2003,KCR,AL Central,162,83,79,0,0.512,0.483,3rd of 5,7,836,867,1779895,29.2,28,53,29,D.May (5.9),T.Pena (83-79)
2002,KCR,AL Central,162,62,100,0,0.383,0.414,4th of 5,32.5,737,891,1323036,29.3,27.8,52,26,P.Byrd (5.6),"T.Muser (8-15), J.Mizerock (5-8) and T.Pena (49-77)"
2001,KCR,AL Central,162,65,97,0,0.401,0.426,5th of 5,26,729,858,1536371,28.2,27.3,44,19,C.Beltran (6.5),T.Muser (65-97)
2000,KCR,AL Central,162,77,85,0,0.475,0.474,4th of 5,18,879,930,1564847,27.6,25.8,44,24,J.Damon (6.2),T.Muser (77-85)
1999,KCR,AL Central,161,64,97,0,0.398,0.467,4th of 5,32.5,856,921,1506068,26.9,26.9,50,27,J.Damon (5.4),T.Muser (64-97)
1998,KCR,AL Central,161,72,89,0,0.447,0.396,3rd of 5,16.5,714,899,1494875,28.8,28.8,51,22,J.Offerman (5.3),T.Muser (72-89)
1997,KCR,AL Central,161,67,94,0,0.416,0.457,5th of 5,19,747,820,1517638,28.8,27.6,51,25,K.Appier (5.5),B.Boone (36-46) and T.Muser (31-48)
1996,KCR,AL Central,161,75,86,0,0.466,0.476,5th of 5,24,746,786,1435997,27.1,29,40,19,K.Appier (5.9),B.Boone (75-86)
1995,KCR,AL Central,144,70,74,0,0.486,0.457,2nd of 5,30,629,691,1233530,29.1,28,51,21,K.Appier (4.6),B.Boone (70-74)
2019,DET,AL Central,161,47,114,0,0.292,0.304,5th of 5,53.5,582,915,1501430,27.6,27.8,53,32,M.Boyd (3.5),R.Gardenhire (47-114)
2018,DET,AL Central,162,64,98,0,0.395,0.395,3rd of 5,27,630,796,1856970,27.9,28.6,49,27,N.Castellanos (2.9),R.Gardenhire (64-98)
2017,DET,AL Central,162,64,98,0,0.395,0.411,5th of 5,38,735,894,2321599,29.6,28.3,49,29,J.Upton (5.3),B.Ausmus (64-98)
2016,DET,AL Central,161,86,75,0,0.534,0.518,2nd of 5,8,750,721,2493859,30,29,44,23,J.Verlander (7.2),B.Ausmus (86-75)
2015,DET,AL Central,161,74,87,0,0.46,0.43,5th of 5,20.5,689,803,2726048,28.3,28.7,47,27,I.Kinsler (5.9),B.Ausmus (74-87)
2014,DET,AL Central,162,90,72,0,0.556,0.533,1st of 5,--,757,705,2917209,29.8,28.5,48,30,I.Kinsler (5.8),B.Ausmus (90-72)
2013,DET,AL Central,162,93,69,0,0.574,0.61,1st of 5,--,796,624,3083397,30,28.4,39,20,M.Cabrera (7.3),J.Leyland (93-69)
2012,DET,AL Central,162,88,74,0,0.543,0.537,1st of 5,--,726,670,3028033,27.9,28.2,47,23,J.Verlander (8.0),J.Leyland (88-74)
2011,DET,AL Central,162,95,67,0,0.586,0.546,1st of 5,--,787,711,2642045,28.6,27.8,45,26,J.Verlander (8.6),J.Leyland (95-67)
2010,DET,AL Central,162,81,81,0,0.5,0.505,3rd of 5,13,751,743,2461237,29,26.5,41,20,M.Cabrera (6.5),J.Leyland (81-81)
2009,DET,AL Central,163,86,77,0,0.528,0.499,2nd of 5,1,743,745,2567165,29.8,26.6,45,23,J.Verlander (5.4),J.Leyland (86-77)
2008,DET,AL Central,162,74,88,0,0.457,0.48,5th of 5,14.5,821,857,3202645,30.3,29.9,46,25,P.Polanco (4.4),J.Leyland (74-88)
2007,DET,AL Central,162,88,74,0,0.543,0.549,2nd of 5,8,887,797,3047133,30.9,28.5,44,25,C.Granderson (7.6),J.Leyland (88-74)
2006,DET,AL Central,162,95,67,0,0.586,0.589,2nd of 5,1,822,675,2595937,29.3,28.8,40,19,C.Guillen (6.0),J.Leyland (95-67)
2005,DET,AL Central,162,71,91,0,0.438,0.461,4th of 5,28,723,787,2024431,28.5,28,45,23,P.Polanco (4.3),A.Trammell (71-91)
2004,DET,AL Central,162,72,90,0,0.444,0.491,4th of 5,20,827,844,1917004,28.1,27.5,39,18,C.Guillen (4.6),A.Trammell (72-90)
2003,DET,AL Central,162,43,119,0,0.265,0.305,5th of 5,47,591,928,1368245,27.3,25.3,43,20,D.Young (3.4),A.Trammell (43-119)
2002,DET,AL Central,161,55,106,0,0.342,0.322,5th of 5,39,575,864,1503623,28.1,28.1,57,30,J.Weaver (2.8),P.Garner (0-6) and L.Pujols (55-100)
2001,DET,AL Central,162,66,96,0,0.407,0.414,4th of 5,25,724,876,1921305,28.3,28.1,44,22,S.Sparks (4.4),P.Garner (66-96)
2000,DET,AL Central,162,79,83,0,0.488,0.498,3rd of 5,16,823,827,2438617,29.1,29.1,45,23,B.Higginson (5.3),P.Garner (79-83)
1999,DET,AL Central,161,69,92,0,0.429,0.425,3rd of 5,27.5,747,882,2026441,27.5,27.6,41,21,B.Ausmus (3.4),L.Parrish (69-92)
1998,DET,AL Central,162,65,97,0,0.401,0.419,5th of 5,24,722,863,1409391,27.3,26.6,45,20,D.Easley (5.6),B.Bell (52-85) and L.Parrish (13-12)
1997,DET,AL East,162,79,83,0,0.488,0.497,3rd of 5,19,784,790,1365157,26.4,27.5,43,20,J.Thompson (7.7),B.Bell (79-83)
1996,DET,AL East,162,53,109,0,0.327,0.348,5th of 5,39,783,1103,1168610,27,26.7,53,27,B.Higginson (3.6),B.Bell (53-109)
1995,DET,AL East,144,60,84,0,0.417,0.385,4th of 5,26,654,844,1180979,28.8,27.8,45,22,D.Wells (4.6),S.Anderson (60-84)
2019,LAD,NL West,162,106,56,0,0.654,0.662,1st of 5,--,886,613,3974309,27.9,28.9,46,25,C.Bellinger (9.0),D.Roberts (106-56)
2018,LAD,NL West,163,92,71,0,0.564,0.624,1st of 5,--,804,610,3857500,28.1,29.2,52,31,J.Turner (4.5),D.Roberts (92-71)
2017,LAD,NL West,162,104,58,0,0.642,0.627,1st of 5,--,770,580,3765856,27.9,29.7,52,26,J.Turner (5.8),D.Roberts (104-58)
2016,LAD,NL West,162,91,71,0,0.562,0.558,1st of 5,--,725,638,3703312,28.9,28.9,55,31,C.Kershaw (6.1),D.Roberts (91-71)
2015,LAD,NL West,162,92,70,0,0.568,0.552,1st of 5,--,667,595,3764815,29.5,28.1,55,31,Z.Greinke (9.7),D.Mattingly (92-70)
2014,LAD,NL West,162,94,68,0,0.58,0.569,1st of 5,--,718,617,3782337,29.3,29.9,49,25,C.Kershaw (8.2),D.Mattingly (94-68)
2013,LAD,NL West,162,92,70,0,0.568,0.55,1st of 5,--,649,582,3743527,30.6,28.1,49,27,C.Kershaw (8.5),D.Mattingly (92-70)
2012,LAD,NL West,162,86,76,0,0.531,0.53,2nd of 5,8,637,597,3324246,30.4,29,50,25,C.Kershaw (6.8),D.Mattingly (86-76)
2011,LAD,NL West,161,82,79,0,0.509,0.523,3rd of 5,11.5,644,612,2935139,29.8,28.6,48,21,M.Kemp (8.0),D.Mattingly (82-79)
2010,LAD,NL West,162,80,82,0,0.494,0.483,4th of 5,12,667,692,3562320,30.3,28.1,49,24,C.Kershaw (5.2),J.Torre (80-82)
2009,LAD,NL West,162,95,67,0,0.586,0.61,1st of 5,--,780,611,3761655,29.7,27.8,47,25,M.Kemp (4.9),J.Torre (95-67)
2008,LAD,NL West,162,84,78,0,0.519,0.535,1st of 5,--,700,648,3730553,28.5,29.5,46,22,C.Billingsley (4.5),J.Torre (84-78)
2007,LAD,NL West,162,82,80,0,0.506,0.505,4th of 5,8,735,727,3857036,29.7,31.1,45,22,B.Penny (6.6),G.Little (82-80)
2006,LAD,NL West,162,88,74,0,0.543,0.54,2nd of 5,--,820,751,3758545,29.9,30.4,50,22,D.Lowe (4.6),G.Little (88-74)
2005,LAD,NL West,162,71,91,0,0.438,0.456,4th of 5,11,685,755,3603646,28.7,28.5,44,20,J.Kent (3.8),J.Tracy (71-91)
2004,LAD,NL West,162,93,69,0,0.574,0.549,1st of 5,--,761,684,3488283,28.9,29.5,43,22,A.Beltre (9.6),J.Tracy (93-69)
2003,LAD,NL West,162,85,77,0,0.525,0.515,2nd of 5,15.5,574,556,3138626,29.9,31.2,44,19,K.Brown (4.5),J.Tracy (85-77)
2002,LAD,NL West,162,92,70,0,0.568,0.547,3rd of 5,6,713,643,3131255,30,31,41,19,S.Green (6.9),J.Tracy (92-70)
2001,LAD,NL West,162,86,76,0,0.531,0.509,3rd of 5,6,758,744,3017143,30.2,30.5,41,21,S.Green (7.0),J.Tracy (86-76)
2000,LAD,NL West,162,86,76,0,0.531,0.541,2nd of 5,11,798,729,2880242,29.6,29.5,46,21,K.Brown (6.7),D.Johnson (86-76)
1999,LAD,NL West,162,77,85,0,0.475,0.503,3rd of 5,23,793,787,3095346,29.2,28.6,43,21,K.Brown (5.6),D.Johnson (77-85)
1998,LAD,NL West,162,83,79,0,0.512,0.494,3rd of 5,15,669,678,3089222,28.3,27.6,53,25,G.Sheffield (3.4),B.Russell (36-38) and G.Hoffman (47-41)
1997,LAD,NL West,162,88,74,0,0.543,0.564,2nd of 4,2,742,645,3319504,29.3,28.8,44,16,M.Piazza (8.7),B.Russell (88-74)
1996,LAD,NL West,162,90,72,0,0.556,0.534,2nd of 4,1,703,652,3188454,27.9,28.2,40,15,M.Piazza (5.4),T.Lasorda (41-35) and B.Russell (49-37)
1995,LAD,NL West,144,78,66,0,0.542,0.518,1st of 4,--,634,609,2766251,27.4,27.7,49,21,M.Piazza (6.2),T.Lasorda (78-66)
2019,SFG,NL West,162,77,85,0,0.475,0.44,3rd of 5,29,678,773,2707760,29.9,28.9,64,33,J.Samardzija (2.9),B.Bochy (77-85)
2018,SFG,NL West,162,73,89,0,0.451,0.433,4th of 5,18.5,603,699,3156185,29.8,28.6,48,27,B.Posey (2.9),B.Bochy (73-89)
2017,SFG,NL West,162,64,98,0,0.395,0.412,5th of 5,40,639,776,3303652,29.5,28.9,49,22,B.Posey (3.9),B.Bochy (64-98)
2016,SFG,NL West,162,87,75,0,0.537,0.557,2nd of 5,4,715,631,3365256,29.1,30,45,25,M.Bumgarner (5.7),B.Bochy (87-75)
2015,SFG,NL West,162,84,78,0,0.519,0.548,2nd of 5,8,696,627,3375882,28.9,31.5,48,21,M.Bumgarner (6.1),B.Bochy (84-78)
2014,SFG,NL West,162,88,74,0,0.543,0.536,2nd of 5,6,665,614,3368697,28.6,31.7,46,21,B.Posey (5.4),B.Bochy (88-74)
2013,SFG,NL West,162,76,86,0,0.469,0.457,3rd of 5,16,629,691,3369106,28.7,29.6,44,21,B.Posey (5.3),B.Bochy (76-86)
2012,SFG,NL West,162,94,68,0,0.58,0.546,1st of 5,--,718,649,3377371,27.8,30,45,23,B.Posey (7.6),B.Bochy (94-68)
2011,SFG,NL West,162,86,76,0,0.531,0.494,2nd of 5,8,570,578,3387303,30.2,28.5,44,17,P.Sandoval (6.0),B.Bochy (86-76)
2010,SFG,NL West,162,92,70,0,0.568,0.581,1st of 5,--,697,583,3037443,29.6,27.9,42,19,A.Huff (5.7),B.Bochy (92-70)
2009,SFG,NL West,162,88,74,0,0.543,0.533,3rd of 5,7,657,611,2862110,29,28.7,44,21,T.Lincecum (7.4),B.Bochy (88-74)
2008,SFG,NL West,162,72,90,0,0.444,0.423,4th of 5,12,640,759,2863837,29.6,27.1,49,20,T.Lincecum (8.0),B.Bochy (72-90)
2007,SFG,NL West,162,71,91,0,0.438,0.476,5th of 5,19,683,720,3223215,32.7,27.3,44,22,M.Cain (4.3),B.Bochy (71-91)
2006,SFG,NL West,161,76,85,0,0.472,0.474,3rd of 5,11.5,746,790,3130313,33.7,28.7,44,21,B.Bonds (4.0),F.Alou (76-85)
2005,SFG,NL West,162,75,87,0,0.463,0.437,3rd of 5,7,649,745,3181023,32.2,30,50,24,N.Lowry (4.8),F.Alou (75-87)
2004,SFG,NL West,162,91,71,0,0.562,0.545,2nd of 5,2,850,770,3256854,31.6,30.1,43,22,B.Bonds (10.6),F.Alou (91-71)
2003,SFG,NL West,161,100,61,0,0.621,0.576,1st of 5,--,755,638,3264898,32.1,28.6,46,21,B.Bonds (9.2),F.Alou (100-61)
2002,SFG,NL West,162,95,66,1,0.59,0.608,2nd of 5,2.5,783,616,3253203,32.1,29.2,38,17,B.Bonds (11.8),D.Baker (95-66)
2001,SFG,NL West,162,90,72,0,0.556,0.53,2nd of 5,2,799,748,3311958,31.5,29.2,41,18,B.Bonds (11.9),D.Baker (90-72)
2000,SFG,NL West,162,97,65,0,0.599,0.597,1st of 5,--,925,747,3318800,29.9,28.5,36,17,B.Bonds (7.7),D.Baker (97-65)
1999,SFG,NL West,162,86,76,0,0.531,0.522,2nd of 5,14,872,831,2078399,30.3,28.6,35,16,B.Bonds (3.8),D.Baker (86-76)
1998,SFG,NL West,163,89,74,0,0.546,0.561,2nd of 5,9.5,845,739,1925364,30.7,31.8,41,17,B.Bonds (8.1),D.Baker (89-74)
1997,SFG,NL West,162,90,72,0,0.556,0.495,1st of 4,--,784,793,1690869,29.6,28.9,42,23,B.Bonds (8.2),D.Baker (90-72)
1996,SFG,NL West,162,68,94,0,0.42,0.438,4th of 4,23,752,862,1413922,28.9,28.4,49,20,B.Bonds (9.7),D.Baker (68-94)
1995,SFG,NL West,144,67,77,0,0.465,0.421,4th of 4,11,652,776,1241500,28.8,28.6,46,25,B.Bonds (7.5),D.Baker (67-77)
2019,COL,NL West,162,71,91,0,0.438,0.437,4th of 5,35,835,958,2993244,28.2,27.3,50,31,T.Story (6.4),B.Black (71-91)
2018,COL,NL West,163,91,72,0,0.558,0.521,2nd of 5,1,780,745,3015880,28.7,27.9,41,21,K.Freeland (8.2),B.Black (91-72)
2017,COL,NL West,162,87,75,0,0.537,0.539,3rd of 5,17,824,757,2953650,28.3,27,41,21,N.Arenado (7.1),B.Black (87-75)
2016,COL,NL West,162,75,87,0,0.463,0.492,3rd of 5,16,845,860,2602524,27.8,27.7,47,25,N.Arenado (6.6),W.Weiss (75-87)
2015,COL,NL West,162,68,94,0,0.42,0.438,5th of 5,24,737,844,2506789,28,28.7,51,30,N.Arenado (5.8),W.Weiss (68-94)
2014,COL,NL West,162,66,96,0,0.407,0.463,4th of 5,28,755,818,2680329,27.4,28.5,49,26,T.Tulowitzki (5.5),W.Weiss (66-96)
2013,COL,NL West,162,74,88,0,0.457,0.466,5th of 5,18,706,760,2793828,27.7,28.3,43,23,J.Chacin (5.9),W.Weiss (74-88)
2012,COL,NL West,162,64,98,0,0.395,0.427,5th of 5,30,758,890,2630458,28.1,28.2,49,27,R.Betancourt (2.7),J.Tracy (64-98)
2011,COL,NL West,162,73,89,0,0.451,0.476,4th of 5,21,735,774,2909777,28.6,27.7,55,29,T.Tulowitzki (6.2),J.Tracy (73-89)
2010,COL,NL West,162,83,79,0,0.512,0.533,3rd of 5,9,770,717,2875245,28.8,28.1,43,23,U.Jimenez (7.3),J.Tracy (83-79)
2009,COL,NL West,162,92,70,0,0.568,0.553,2nd of 5,3,804,715,2665080,27.8,28.5,45,25,T.Tulowitzki (6.5),C.Hurdle (18-28) and J.Tracy (74-42)
2008,COL,NL West,162,74,88,0,0.457,0.456,3rd of 5,10,747,822,2650218,27.5,28.5,49,26,M.Holliday (5.9),C.Hurdle (74-88)
2007,COL,NL West,163,90,73,0,0.552,0.558,2nd of 5,0.5,860,758,2376250,27.9,28.1,53,30,T.Tulowitzki (6.8),C.Hurdle (90-73)
2006,COL,NL West,162,76,86,0,0.469,0.501,4th of 5,12,813,812,2104362,27.8,28.8,50,24,G.Atkins (5.0),C.Hurdle (76-86)
2005,COL,NL West,162,67,95,0,0.414,0.431,5th of 5,15,740,862,1914389,27.2,27.3,54,27,T.Helton (4.6),C.Hurdle (67-95)
2004,COL,NL West,162,68,94,0,0.42,0.453,4th of 5,25,833,923,2338069,30.4,28.8,47,25,T.Helton (8.3),C.Hurdle (68-94)
2003,COL,NL West,162,74,88,0,0.457,0.48,4th of 5,26.5,853,892,2334085,29.5,28,50,23,T.Helton (6.3),C.Hurdle (74-88)
2002,COL,NL West,162,73,89,0,0.451,0.435,4th of 5,25,778,898,2737838,28.7,28.5,43,22,T.Helton (6.3),B.Bell (6-16) and C.Hurdle (67-73)
2001,COL,NL West,162,73,89,0,0.451,0.509,5th of 5,19,923,906,3166821,28.3,28.7,53,26,L.Walker (7.8),B.Bell (73-89)
2000,COL,NL West,162,82,80,0,0.506,0.535,4th of 5,15,968,897,3295129,29.2,29.9,49,25,T.Helton (8.9),B.Bell (82-80)
1999,COL,NL West,162,72,90,0,0.444,0.442,5th of 5,28,906,1028,3481065,29.7,28.9,44,18,P.Astacio (5.9),J.Leyland (72-90)
1998,COL,NL West,162,77,85,0,0.475,0.484,4th of 5,21,826,855,3792683,29.5,27.8,42,19,L.Walker (5.7),D.Baylor (77-85)
1997,COL,NL West,162,83,79,0,0.512,0.507,3rd of 4,7,923,908,3888453,30.4,27.9,43,23,L.Walker (9.8),D.Baylor (83-79)
1996,COL,NL West,162,83,79,0,0.512,0.499,3rd of 4,8,961,964,3891014,30.1,28.8,44,21,E.Burks (7.9),D.Baylor (83-79)
1995,COL,NL West,144,77,67,0,0.535,0.501,2nd of 4,1,785,783,3390037,29.5,28.6,41,20,L.Walker (4.7),D.Baylor (77-67)
2019,SDP,NL West,162,70,92,0,0.432,0.434,5th of 5,36,682,789,2396399,26.1,26.3,54,34,F.Tatis (4.2),A.Green (69-85) and R.Barajas (1-7)
2018,SDP,NL West,162,66,96,0,0.407,0.402,5th of 5,25.5,617,767,2168536,26.9,27.7,49,30,W.Myers (2.4),A.Green (66-96)
2017,SDP,NL West,162,71,91,0,0.438,0.366,4th of 5,33,604,816,2138491,26.2,27.7,52,32,J.Chacin (3.0),A.Green (71-91)
2016,SDP,NL West,162,68,94,0,0.42,0.447,5th of 5,23,686,770,2351422,28.1,28.1,58,32,W.Myers (3.5),A.Green (68-94)
2015,SDP,NL West,162,74,88,0,0.457,0.446,4th of 5,18,650,731,2459752,27.6,29.1,46,26,J.Upton (4.3),"B.Black (32-33), D.Roberts (0-1) and P.Murphy (42-54)"
2014,SDP,NL West,162,77,85,0,0.475,0.465,3rd of 5,17,535,577,2195373,27.9,28.8,51,24,S.Smith (3.4),B.Black (77-85)
2013,SDP,NL West,162,76,86,0,0.469,0.443,3rd of 5,16,618,700,2166691,28.1,28.8,47,23,C.Denorfia (4.1),B.Black (76-86)
2012,SDP,NL West,162,76,86,0,0.469,0.46,4th of 5,18,651,710,2123721,27.4,28,53,30,C.Headley (6.4),B.Black (76-86)
2011,SDP,NL West,162,71,91,0,0.438,0.486,5th of 5,23,593,611,2143018,28,28.1,48,22,C.Maybin (4.4),B.Black (71-91)
2010,SDP,NL West,162,90,72,0,0.556,0.561,2nd of 5,2,665,581,2131774,29.1,27.2,40,19,A.Gonzalez (4.4),B.Black (90-72)
2009,SDP,NL West,162,75,87,0,0.463,0.415,4th of 5,20,638,769,1919603,28,26.8,56,33,A.Gonzalez (6.9),B.Black (75-87)
2008,SDP,NL West,162,63,99,0,0.389,0.418,5th of 5,21,637,764,2427535,28.9,30.2,59,32,B.Giles (4.8),B.Black (63-99)
2007,SDP,NL West,163,89,74,0,0.546,0.549,3rd of 5,1.5,741,666,2790074,29.9,31.5,49,21,J.Peavy (6.8),B.Black (89-74)
2006,SDP,NL West,162,88,74,0,0.543,0.534,1st of 5,--,731,679,2659757,30.7,30.6,46,22,M.Cameron (4.4),B.Bochy (88-74)
2005,SDP,NL West,162,82,80,0,0.506,0.473,1st of 5,--,684,726,2869787,31.1,31,46,23,B.Giles (4.9),B.Bochy (82-80)
2004,SDP,NL West,162,87,75,0,0.537,0.539,3rd of 5,6,768,705,3016752,29.6,30,47,24,M.Loretta (6.0),B.Bochy (87-75)
2003,SDP,NL West,162,64,98,0,0.395,0.408,5th of 5,36.5,678,831,2030084,28.5,27.8,51,27,M.Loretta (4.9),B.Bochy (64-98)
2002,SDP,NL West,162,66,96,0,0.407,0.406,5th of 5,32,662,815,2220601,29.1,27.8,59,37,R.Klesko (4.2),B.Bochy (66-96)
2001,SDP,NL West,162,79,83,0,0.488,0.487,4th of 5,13,789,812,2378128,28.9,28.7,48,25,P.Nevin (5.8),B.Bochy (79-83)
2000,SDP,NL West,162,76,86,0,0.469,0.463,5th of 5,21,752,815,2352443,28.6,27.5,56,29,P.Nevin (4.1),B.Bochy (76-86)
1999,SDP,NL West,162,74,88,0,0.457,0.457,4th of 5,26,710,781,2523538,29.7,28.8,41,20,R.Sanders (4.1),B.Bochy (74-88)
1998,SDP,NL West,162,98,64,0,0.605,0.575,1st of 5,--,749,635,2555874,31.1,29.8,42,21,K.Brown (9.1),B.Bochy (98-64)
1997,SDP,NL West,162,76,86,0,0.469,0.448,4th of 4,14,795,891,2089333,30.8,28.1,45,21,T.Gwynn (4.3),B.Bochy (76-86)
1996,SDP,NL West,162,91,71,0,0.562,0.556,1st of 4,--,771,682,2187886,30.9,28.7,43,19,K.Caminiti (7.6),B.Bochy (91-71)
1995,SDP,NL West,144,70,74,0,0.486,0.497,3rd of 4,8,668,672,1041805,28.8,26.6,40,20,A.Ashby (5.1),B.Bochy (70-74)
2019,ARI,NL West,162,85,77,0,0.525,0.541,2nd of 5,21,813,743,2135510,28.7,28.6,45,27,K.Marte (6.9),T.Lovullo (85-77)
2018,ARI,NL West,162,82,80,0,0.506,0.533,3rd of 5,9.5,693,644,2242695,29.2,29.6,49,30,P.Goldschmidt (5.4),T.Lovullo (82-80)
2017,ARI,NL West,162,93,69,0,0.574,0.594,2nd of 5,11,812,659,2134375,28.3,28.7,45,23,Z.Greinke (6.0),T.Lovullo (93-69)
2016,ARI,NL West,162,69,93,0,0.426,0.424,4th of 5,22,752,890,2036216,26.7,26.4,50,29,J.Segura (5.5),C.Hale (69-93)
2015,ARI,NL West,162,79,83,0,0.488,0.504,3rd of 5,13,720,713,2080145,26.6,27.1,50,27,P.Goldschmidt (8.7),C.Hale (79-83)
2014,ARI,NL West,162,64,98,0,0.395,0.415,5th of 5,30,615,742,2073730,27.6,28,52,25,P.Goldschmidt (4.6),K.Gibson (63-96) and A.Trammell (1-2)
2013,ARI,NL West,162,81,81,0,0.5,0.493,2nd of 5,11,685,695,2134895,28.1,27.6,44,23,P.Goldschmidt (7.1),K.Gibson (81-81)
2012,ARI,NL West,162,81,81,0,0.5,0.53,3rd of 5,13,734,688,2177617,28.3,27.4,48,23,A.Hill (5.1),K.Gibson (81-81)
2011,ARI,NL West,162,94,68,0,0.58,0.545,1st of 5,--,731,662,2105432,28.2,27.4,51,25,J.Upton (5.5),K.Gibson (94-68)
2010,ARI,NL West,162,65,97,0,0.401,0.428,5th of 5,27,713,836,2056697,26.8,27.9,48,28,C.Young (5.4),A.Hinch (31-48) and K.Gibson (34-49)
2009,ARI,NL West,162,70,92,0,0.432,0.462,5th of 5,25,720,782,2128765,26.5,27.7,45,24,D.Haren (7.0),B.Melvin (12-17) and A.Hinch (58-75)
2008,ARI,NL West,162,82,80,0,0.506,0.509,2nd of 5,2,720,706,2509924,26.7,29.4,41,20,D.Haren (6.5),B.Melvin (82-80)
2007,ARI,NL West,162,90,72,0,0.556,0.487,1st of 5,--,712,732,2325249,26.6,28.2,47,26,B.Webb (5.9),B.Melvin (90-72)
2006,ARI,NL West,162,76,86,0,0.469,0.491,4th of 5,12,773,788,2091685,29.7,28.8,45,25,B.Webb (7.0),B.Melvin (76-86)
2005,ARI,NL West,162,77,85,0,0.475,0.406,2nd of 5,5,696,856,2059424,30.3,27.4,43,25,C.Counsell (5.5),B.Melvin (77-85)
2004,ARI,NL West,162,51,111,0,0.315,0.333,5th of 5,42,615,899,2519560,28.9,29.3,52,25,R.Johnson (8.2),B.Brenly (29-50) and A.Pedrique (22-61)
2003,ARI,NL West,162,84,78,0,0.519,0.521,3rd of 5,16.5,717,685,2805542,30.6,29.2,43,22,B.Webb (5.9),B.Brenly (84-78)
2002,ARI,NL West,162,98,64,0,0.605,0.588,1st of 5,--,819,674,3198977,31.7,31.7,42,20,R.Johnson (10.5),B.Brenly (98-64)
2001,ARI,NL West,162,92,70,0,0.568,0.586,1st of 5,--,818,677,2736451,31.9,30.9,47,22,R.Johnson (9.5),B.Brenly (92-70)
2000,ARI,NL West,162,85,77,0,0.525,0.522,3rd of 5,12,792,754,2942251,30.8,31.6,41,17,R.Johnson (8.1),B.Showalter (85-77)
1999,ARI,NL West,162,100,62,0,0.617,0.632,1st of 5,--,908,676,3019654,30,30.6,43,20,R.Johnson (8.6),B.Showalter (100-62)
1998,ARI,NL West,162,65,97,0,0.401,0.41,5th of 5,33,665,812,3610290,27.8,27.4,46,25,O.Daal (4.1),B.Showalter (65-97)
2019,ATL,NL East,162,97,65,0,0.599,0.564,1st of 5,--,855,743,2655100,28,27.5,50,31,J.Donaldson (6.1),B.Snitker (97-65)
2018,ATL,NL East,162,90,72,0,0.556,0.566,1st of 5,--,759,657,2555781,27.4,27.7,58,35,F.Freeman (6.1),B.Snitker (90-72)
2017,ATL,NL East,162,72,90,0,0.444,0.448,3rd of 5,25,732,821,2505252,28.6,29.4,49,26,F.Freeman (4.4),B.Snitker (72-90)
2016,ATL,NL East,161,68,93,0,0.422,0.417,5th of 5,26.5,649,779,2020914,28.9,26.4,60,35,F.Freeman (6.5),F.Gonzalez (9-28) and B.Snitker (59-65)
2015,ATL,NL East,162,67,95,0,0.414,0.374,4th of 5,23,573,760,2001392,28.8,26.6,60,37,A.Simmons (3.9),F.Gonzalez (67-95)
2014,ATL,NL East,162,79,83,0,0.488,0.481,2nd of 5,17,573,597,2354305,26.8,27.3,39,20,J.Heyward (5.8),F.Gonzalez (79-83)
2013,ATL,NL East,162,96,66,0,0.593,0.603,1st of 5,--,688,548,2548679,26.8,27.2,44,21,A.Simmons (7.0),F.Gonzalez (96-66)
2012,ATL,NL East,162,94,68,0,0.58,0.57,2nd of 5,4,700,600,2420171,28.5,27.6,41,21,M.Bourn (6.0),F.Gonzalez (94-68)
2011,ATL,NL East,162,89,73,0,0.549,0.526,2nd of 5,13,641,605,2372940,28.9,28.4,45,21,E.O'Flaherty (3.3),F.Gonzalez (89-73)
2010,ATL,NL East,162,91,71,0,0.562,0.573,2nd of 5,6,738,629,2510119,28.6,30.1,43,21,J.Heyward (6.4),B.Cox (91-71)
2009,ATL,NL East,162,86,76,0,0.531,0.562,3rd of 5,7,735,641,2373631,28.8,28.9,45,21,J.Jurrjens (6.7),B.Cox (86-76)
2008,ATL,NL East,162,72,90,0,0.444,0.485,4th of 5,20,753,778,2532834,27.2,28.6,49,28,C.Jones (7.3),B.Cox (72-90)
2007,ATL,NL East,162,84,78,0,0.519,0.546,3rd of 5,5,810,733,2745207,27.7,29.4,50,28,C.Jones (7.6),B.Cox (84-78)
2006,ATL,NL East,162,79,83,0,0.488,0.524,3rd of 5,18,849,805,2550524,27.5,29.4,45,26,J.Smoltz (5.8),B.Cox (79-83)
2005,ATL,NL East,162,90,72,0,0.556,0.56,1st of 5,--,769,674,2521167,28.1,28.6,45,26,A.Jones (6.7),B.Cox (90-72)
2004,ATL,NL East,162,96,66,0,0.593,0.583,1st of 5,--,803,668,2327565,28.9,30.1,39,21,J.Drew (8.3),B.Cox (96-66)
2003,ATL,NL East,162,101,61,0,0.623,0.592,1st of 5,--,907,740,2401084,30.3,31.1,34,17,M.Giles (7.9),B.Cox (101-61)
2002,ATL,NL East,161,101,59,1,0.631,0.602,1st of 5,--,708,565,2603484,30.6,31.1,38,20,A.Jones (6.6),B.Cox (101-59)
2001,ATL,NL East,162,88,74,0,0.543,0.557,1st of 5,--,729,643,2823530,30.3,31.1,47,23,C.Jones (5.9),B.Cox (88-74)
2000,ATL,NL East,162,95,67,0,0.586,0.557,1st of 5,--,810,714,3234304,30.8,31.4,47,22,A.Jones (8.2),B.Cox (95-67)
1999,ATL,NL East,162,103,59,0,0.636,0.608,1st of 5,--,840,661,3284897,29.6,28.6,44,22,A.Jones (7.1),B.Cox (103-59)
1998,ATL,NL East,162,106,56,0,0.654,0.656,1st of 5,--,826,581,3360860,28.9,29.5,42,19,A.Jones (7.4),B.Cox (106-56)
1997,ATL,NL East,162,101,61,0,0.623,0.638,1st of 5,--,791,581,3464488,27.9,28.5,38,17,G.Maddux (7.7),B.Cox (101-61)
1996,ATL,NL East,162,96,66,0,0.593,0.58,1st of 5,--,773,648,2901242,27.9,27.9,42,18,J.Smoltz (7.7),B.Cox (96-66)
1995,ATL,NL East,144,90,54,0,0.625,0.581,1st of 5,--,645,540,2561831,27.9,27.4,40,20,G.Maddux (9.6),B.Cox (90-54)
2019,NYM,NL East,162,86,76,0,0.531,0.532,3rd of 5,11,791,737,2442532,27.9,28.6,53,29,J.deGrom (7.9),M.Callaway (86-76)
2018,NYM,NL East,162,77,85,0,0.475,0.479,4th of 5,13,676,707,2224995,28.4,28,56,30,J.deGrom (10.1),M.Callaway (77-85)
2017,NYM,NL East,162,70,92,0,0.432,0.427,4th of 5,27,735,863,2460622,28.9,27.5,52,29,J.deGrom (4.5),T.Collins (70-92)
2016,NYM,NL East,162,87,75,0,0.537,0.538,2nd of 5,8,671,617,2789602,29.5,28.4,46,22,N.Syndergaard (5.8),T.Collins (87-75)
2015,NYM,NL East,162,90,72,0,0.556,0.549,1st of 5,--,683,613,2569753,28.6,28.2,49,26,J.deGrom (5.4),T.Collins (90-72)
2014,NYM,NL East,162,79,83,0,0.488,0.508,2nd of 5,17,629,618,2148808,28.4,28.9,45,22,J.Lagares (5.3),T.Collins (79-83)
2013,NYM,NL East,162,74,88,0,0.457,0.454,3rd of 5,22,619,684,2135657,28.3,29.1,53,29,D.Wright (5.9),T.Collins (74-88)
2012,NYM,NL East,162,74,88,0,0.457,0.46,4th of 5,24,650,709,2242803,27.9,30.3,49,28,D.Wright (7.1),T.Collins (74-88)
2011,NYM,NL East,162,77,85,0,0.475,0.485,4th of 5,25,718,742,2352596,28,30,46,23,J.Reyes (4.6),T.Collins (77-85)
2010,NYM,NL East,162,79,83,0,0.488,0.503,4th of 5,18,656,652,2559738,28.4,29.5,47,20,A.Pagan (5.3),J.Manuel (79-83)
2009,NYM,NL East,162,70,92,0,0.432,0.445,4th of 5,23,671,757,3168571,29.5,29.2,53,24,A.Pagan (4.0),J.Manuel (70-92)
2008,NYM,NL East,162,89,73,0,0.549,0.551,2nd of 5,3,799,715,4042045,30.1,29,50,24,J.Santana (7.1),W.Randolph (34-35) and J.Manuel (55-38)
2007,NYM,NL East,162,88,74,0,0.543,0.532,2nd of 5,1,804,750,3853955,30.7,31.3,49,24,D.Wright (8.3),W.Randolph (88-74)
2006,NYM,NL East,162,97,65,0,0.599,0.56,1st of 5,--,834,731,3379535,30.2,32.2,49,27,C.Beltran (8.2),W.Randolph (97-65)
2005,NYM,NL East,162,83,79,0,0.512,0.549,3rd of 5,7,722,648,2829929,28.8,31.9,42,22,P.Martinez (6.5),W.Randolph (83-79)
2004,NYM,NL East,162,71,91,0,0.438,0.47,4th of 5,25,684,731,2318951,29.8,32.5,52,26,A.Leiter (4.7),A.Howe (71-91)
2003,NYM,NL East,161,66,95,0,0.41,0.427,5th of 5,34.5,642,754,2140599,29.3,31.6,50,25,S.Trachsel (4.4),A.Howe (66-95)
2002,NYM,NL East,161,75,86,0,0.466,0.491,5th of 5,26.5,690,703,2804838,30.6,30.3,48,25,E.Alfonzo (5.0),B.Valentine (75-86)
2001,NYM,NL East,162,82,80,0,0.506,0.452,3rd of 5,6,642,713,2658330,30.4,31.1,44,22,M.Piazza (4.5),B.Valentine (82-80)
2000,NYM,NL East,162,94,68,0,0.58,0.541,2nd of 5,1,807,738,2820530,30.4,31,47,20,E.Alfonzo (6.4),B.Valentine (94-68)
1999,NYM,NL East,163,97,66,0,0.595,0.583,2nd of 5,6.5,853,711,2725668,30.1,32.7,45,23,R.Ventura (6.7),B.Valentine (97-66)
1998,NYM,NL East,162,88,74,0,0.543,0.541,2nd of 5,18,706,645,2287948,28.9,31.7,49,20,J.Olerud (7.6),B.Valentine (88-74)
1997,NYM,NL East,162,88,74,0,0.543,0.542,3rd of 5,13,777,709,1766174,27.3,29.4,45,21,E.Alfonzo (6.2),B.Valentine (88-74)
1996,NYM,NL East,162,71,91,0,0.438,0.48,4th of 5,25,746,779,1588323,27.2,27.4,40,17,B.Gilkey (8.1),D.Green (59-72) and B.Valentine (12-19)
1995,NYM,NL East,144,69,75,0,0.479,0.528,2nd of 5,21,657,618,1273183,27.4,27.2,45,22,J.Kent (3.2),D.Green (69-75)
2019,PHI,NL East,162,81,81,0,0.5,0.488,4th of 5,16,774,794,2727421,27.6,28.4,56,34,J.Realmuto (4.4),G.Kapler (81-81)
2018,PHI,NL East,162,80,82,0,0.494,0.467,3rd of 5,10,677,728,2158124,26.7,26.8,48,31,A.Nola (10.0),G.Kapler (80-82)
2017,PHI,NL East,162,66,96,0,0.407,0.443,5th of 5,31,690,782,1905354,26.6,26.8,51,31,A.Nola (4.4),P.Mackanin (66-96)
2016,PHI,NL East,162,71,91,0,0.438,0.381,4th of 5,24,610,796,1915144,26.9,26.3,49,27,O.Herrera (4.2),P.Mackanin (71-91)
2015,PHI,NL East,162,63,99,0,0.389,0.385,5th of 5,27,626,809,1831080,28,28.5,50,30,O.Herrera (4.0),R.Sandberg (26-48) and P.Mackanin (37-51)
2014,PHI,NL East,162,73,89,0,0.451,0.452,5th of 5,23,619,687,2423852,30.8,30.1,49,26,C.Hamels (6.9),R.Sandberg (73-89)
2013,PHI,NL East,162,73,89,0,0.451,0.407,4th of 5,23,610,749,3012403,30,28.7,51,27,C.Lee (7.0),C.Manuel (53-67) and R.Sandberg (20-22)
2012,PHI,NL East,162,81,81,0,0.5,0.503,3rd of 5,17,684,680,3565718,31.1,29.1,49,24,C.Hamels (5.1),C.Manuel (81-81)
2011,PHI,NL East,162,102,60,0,0.63,0.633,1st of 5,--,713,529,3680718,31.4,29.2,42,23,C.Lee (8.9),C.Manuel (102-60)
2010,PHI,NL East,162,97,65,0,0.599,0.585,1st of 5,--,772,640,3777322,31.8,31.1,42,21,R.Halladay (8.3),C.Manuel (97-65)
2009,PHI,NL East,162,93,69,0,0.574,0.566,1st of 5,--,820,709,3600693,31.3,31.2,41,22,C.Utley (8.2),C.Manuel (93-69)
2008,PHI,NL East,162,92,70,0,0.568,0.573,1st of 5,--,799,680,3422583,30.1,30.6,40,18,C.Utley (9.0),C.Manuel (92-70)
2007,PHI,NL East,162,89,73,0,0.549,0.538,1st of 5,--,892,821,3108325,28.8,30.6,46,28,C.Utley (7.8),C.Manuel (89-73)
2006,PHI,NL East,162,85,77,0,0.525,0.529,2nd of 5,12,865,812,2701815,29.3,30.5,45,23,C.Utley (7.3),C.Manuel (85-77)
2005,PHI,NL East,162,88,74,0,0.543,0.548,2nd of 5,2,807,726,2665304,30,29.7,40,19,C.Utley (7.3),C.Manuel (88-74)
2004,PHI,NL East,162,86,76,0,0.531,0.533,2nd of 5,10,840,781,3250092,29.3,29.8,39,21,B.Abreu (6.6),L.Bowa (85-75) and G.Varsho (1-1)
2003,PHI,NL East,162,86,76,0,0.531,0.558,3rd of 5,15,791,697,2259948,28.3,29,38,20,B.Abreu (5.4),L.Bowa (86-76)
2002,PHI,NL East,161,80,81,0,0.497,0.491,3rd of 5,21.5,710,724,1618467,27.5,28.5,39,20,B.Abreu (5.8),L.Bowa (80-81)
2001,PHI,NL East,162,86,76,0,0.531,0.517,2nd of 5,2,746,719,1782054,26.9,28.9,46,22,S.Rolen (5.6),L.Bowa (86-76)
2000,PHI,NL East,162,65,97,0,0.401,0.428,5th of 5,30,708,830,1612769,28.5,28.7,51,27,B.Abreu (6.2),T.Francona (65-97)
1999,PHI,NL East,162,77,85,0,0.475,0.497,3rd of 5,26,841,846,1825337,28.2,28.3,41,22,B.Abreu (6.1),T.Francona (77-85)
1998,PHI,NL East,162,75,87,0,0.463,0.443,3rd of 5,31,713,808,1715722,27,29.3,40,21,S.Rolen (6.7),T.Francona (75-87)
1997,PHI,NL East,162,68,94,0,0.42,0.397,5th of 5,33,668,840,1490638,27.8,27.9,46,23,C.Schilling (6.3),T.Francona (68-94)
1996,PHI,NL East,162,67,95,0,0.414,0.412,5th of 5,29,650,790,1801677,28.4,27.7,54,25,C.Schilling (4.8),J.Fregosi (67-95)
1995,PHI,NL East,144,69,75,0,0.479,0.469,2nd of 5,21,615,658,2043598,29.7,27.1,50,26,R.Bottalico (2.9),J.Fregosi (69-75)
2019,WSN,NL East,162,93,69,0,0.574,0.585,2nd of 5,4,873,724,2259781,28.7,30.8,50,31,S.Strasburg (6.5),D.Martinez (93-69)
2018,WSN,NL East,162,82,80,0,0.506,0.556,2nd of 5,8,771,682,2529604,27.5,30.2,53,31,M.Scherzer (9.5),D.Martinez (82-80)
2017,WSN,NL East,162,97,65,0,0.599,0.59,1st of 5,--,819,672,2524980,29.2,30.1,49,24,M.Scherzer (7.5),D.Baker (97-65)
2016,WSN,NL East,162,95,67,0,0.586,0.6,1st of 5,--,763,612,2481938,28.8,29.1,43,24,M.Scherzer (6.5),D.Baker (95-67)
2015,WSN,NL East,162,83,79,0,0.512,0.546,2nd of 5,7,703,635,2619843,28.4,28.6,44,26,B.Harper (10.0),M.Williams (83-79)
2014,WSN,NL East,162,96,66,0,0.593,0.596,1st of 5,--,686,555,2579389,28.8,28.3,40,18,A.Rendon (6.6),M.Williams (96-66)
2013,WSN,NL East,162,86,76,0,0.531,0.521,2nd of 5,10,656,626,2652422,27.7,27.7,44,21,J.Werth (4.7),D.Johnson (86-76)
2012,WSN,NL East,162,98,64,0,0.605,0.594,1st of 5,--,731,594,2370794,27.2,27,43,19,J.Zimmermann (5.5),D.Johnson (98-64)
2011,WSN,NL East,161,80,81,0,0.497,0.486,3rd of 5,21.5,624,643,1940478,28.4,27.6,44,24,M.Morse (3.4),"J.Riggleman (38-37), J.McLaren (2-1) and D.Johnson (40-43)"
2010,WSN,NL East,162,69,93,0,0.426,0.443,5th of 5,28,655,742,1828066,29.1,28,46,26,R.Zimmerman (6.2),J.Riggleman (69-93)
2009,WSN,NL East,162,59,103,0,0.364,0.406,5th of 5,34,710,874,1817226,28.3,27.4,55,30,R.Zimmerman (7.3),M.Acta (26-61) and J.Riggleman (33-42)
2008,WSN,NL East,161,59,102,0,0.366,0.387,5th of 5,32.5,641,825,2320400,27.7,27.3,50,25,C.Guzman (4.6),M.Acta (59-102)
2007,WSN,NL East,162,73,89,0,0.451,0.431,4th of 5,16,673,783,1943812,27.9,27.5,47,26,R.Zimmerman (4.7),M.Acta (73-89)
2006,WSN,NL East,162,71,91,0,0.438,0.429,5th of 5,26,746,872,2153056,28.5,28.9,57,29,A.Soriano (6.1),F.Robinson (71-91)
2005,WSN,NL East,162,81,81,0,0.5,0.476,5th of 5,9,639,673,2731993,29.3,28.9,55,25,J.Patterson (4.5),F.Robinson (81-81)
2004,WSN,NL East,162,67,95,0,0.414,0.413,5th of 5,29,635,769,749550,27.5,26.5,46,22,L.Hernandez (5.7),F.Robinson (67-95)
2003,WSN,NL East,162,83,79,0,0.512,0.497,4th of 5,18,711,716,1025639,27.7,26.7,43,25,L.Hernandez (6.4),F.Robinson (83-79)
2002,WSN,NL East,162,83,79,0,0.512,0.511,2nd of 5,19,735,718,812045,28.2,27.7,43,20,V.Guerrero (7.0),F.Robinson (83-79)
2001,WSN,NL East,162,68,94,0,0.42,0.413,5th of 5,20,670,812,642745,27.6,27.4,47,23,J.Vazquez (6.3),F.Alou (21-32) and J.Torborg (47-62)
2000,WSN,NL East,162,67,95,0,0.414,0.409,4th of 5,28,738,902,926272,26.2,26.1,49,27,V.Guerrero (6.0),F.Alou (67-95)
1999,WSN,NL East,162,68,94,0,0.42,0.422,4th of 5,35,718,853,773277,25.9,25.5,44,21,V.Guerrero (4.4),F.Alou (68-94)
1998,WSN,NL East,162,65,97,0,0.401,0.412,4th of 5,41,644,783,914909,25.9,25.7,41,19,V.Guerrero (7.4),F.Alou (65-97)
1997,WSN,NL East,162,78,84,0,0.481,0.469,4th of 5,23,691,740,1497609,27.7,26.4,41,21,P.Martinez (8.8),F.Alou (78-84)
1996,WSN,NL East,162,88,74,0,0.543,0.547,2nd of 5,8,741,668,1616709,27.4,27.5,39,18,J.Fassero (5.3),F.Alou (88-74)
1995,WSN,NL East,144,66,78,0,0.458,0.488,5th of 5,24,621,638,1309618,26.2,27.6,45,21,P.Martinez (4.2),F.Alou (66-78)
2019,MIA,NL East,162,57,105,0,0.352,0.378,5th of 5,40,615,808,811302,28.4,26.5,50,26,B.Anderson (3.8),D.Mattingly (57-105)
2018,MIA,NL East,161,63,98,0,0.391,0.359,5th of 5,26.5,589,809,811104,27.5,27.6,51,29,J.Realmuto (4.3),D.Mattingly (63-98)
2017,MIA,NL East,162,77,85,0,0.475,0.475,2nd of 5,20,778,822,1583014,28.3,28.7,43,24,G.Stanton (7.9),D.Mattingly (77-85)
2016,MIA,NL East,161,79,82,0,0.491,0.482,3rd of 5,15.5,655,682,1712417,28.3,28,53,31,C.Yelich (5.4),D.Mattingly (79-82)
2015,MIA,NL East,162,71,91,0,0.438,0.454,3rd of 5,19,613,678,1752235,27.9,27.3,51,29,D.Gordon (5.1),M.Redmond (16-22) and D.Jennings (55-69)
2014,MIA,NL East,162,77,85,0,0.475,0.48,4th of 5,19,645,674,1732283,27.4,26.4,45,25,G.Stanton (6.5),M.Redmond (77-85)
2013,MIA,NL East,162,62,100,0,0.383,0.396,5th of 5,34,513,646,1586322,27.7,26,53,26,J.Fernandez (6.7),M.Redmond (62-100)
2012,MIA,NL East,162,69,93,0,0.426,0.422,5th of 5,29,609,724,2219444,28.3,28.8,45,21,G.Stanton (5.4),O.Guillen (69-93)
2011,MIA,NL East,162,72,90,0,0.444,0.447,5th of 5,30,625,702,1520562,27.4,28,44,22,G.Stanton (4.1),"E.Rodriguez (32-39), B.Hyde (0-1) and J.McKeon (40-50)"
2010,MIA,NL East,162,80,82,0,0.494,0.501,3rd of 5,17,719,717,1524894,26.9,27.1,57,31,J.Johnson (6.6),F.Gonzalez (34-36) and E.Rodriguez (46-46)
2009,MIA,NL East,162,87,75,0,0.537,0.504,2nd of 5,6,772,766,1464109,27,26.3,44,27,H.Ramirez (7.4),F.Gonzalez (87-75)
2008,MIA,NL East,161,84,77,0,0.522,0.502,3rd of 5,7.5,770,767,1335076,28,26.6,45,22,H.Ramirez (6.7),F.Gonzalez (84-77)
2007,MIA,NL East,162,71,91,0,0.438,0.445,5th of 5,18,790,891,1370511,26.7,26.2,50,30,H.Ramirez (4.4),F.Gonzalez (71-91)
2006,MIA,NL East,162,78,84,0,0.481,0.492,4th of 5,19,758,772,1164134,25.5,25.9,40,21,M.Cabrera (5.8),J.Girardi (78-84)
2005,MIA,NL East,162,83,79,0,0.512,0.491,3rd of 5,7,717,732,1852608,29.7,29.5,47,27,D.Willis (8.3),J.McKeon (83-79)
2004,MIA,NL East,162,83,79,0,0.512,0.512,3rd of 5,13,718,700,1723105,28.8,27.8,45,25,C.Pavano (5.8),J.McKeon (83-79)
2003,MIA,NL East,162,91,71,0,0.562,0.537,2nd of 5,10,751,692,1303215,27.7,26.3,40,22,I.Rodriguez (4.5),J.Torborg (16-22) and J.McKeon (75-49)
2002,MIA,NL East,162,79,83,0,0.488,0.46,4th of 5,23,699,763,813118,28.4,26.1,41,21,A.Burnett (4.0),J.Torborg (79-83)
2001,MIA,NL East,162,76,86,0,0.469,0.499,4th of 5,12,742,744,1261226,27.3,26.5,42,23,C.Floyd (6.6),J.Boles (22-26) and T.Perez (54-60)
2000,MIA,NL East,161,79,82,0,0.491,0.461,3rd of 5,15.5,731,797,1218326,26.1,26.7,40,18,L.Castillo (4.5),J.Boles (79-82)
1999,MIA,NL East,162,64,98,0,0.395,0.405,5th of 5,39,691,852,1369421,25.2,26,44,21,A.Fernandez (3.4),J.Boles (64-98)
1998,MIA,NL East,162,54,108,0,0.333,0.356,5th of 5,52,667,923,1730384,25.5,24.5,49,22,M.Kotsay (3.9),J.Leyland (54-108)
1997,MIA,NL East,162,92,70,0,0.568,0.546,2nd of 5,9,740,669,2364387,28.5,27.5,43,20,K.Brown (6.8),J.Leyland (92-70)
1996,MIA,NL East,162,80,82,0,0.494,0.49,3rd of 5,16,688,703,1746767,27.9,28,46,23,K.Brown (7.8),"R.Lachemann (39-47), C.Rojas (1-0) and J.Boles (40-35)"
1995,MIA,NL East,143,67,76,0,0.469,0.5,4th of 5,22.5,673,673,1700466,28.1,28.3,46,27,C.Hammond (3.3),R.Lachemann (67-76)
2019,STL,NL Central,162,91,71,0,0.562,0.565,1st of 5,--,764,662,3480393,28.8,27.8,43,23,J.Flaherty (6.0),M.Shildt (91-71)
2018,STL,NL Central,162,88,74,0,0.543,0.543,3rd of 5,7.5,759,691,3403587,28.1,26.7,49,30,M.Carpenter (4.9),M.Matheny (47-46) and M.Shildt (41-28)
2017,STL,NL Central,162,83,79,0,0.512,0.535,3rd of 5,9,761,705,3448337,28,28.3,48,25,T.Pham (6.2),M.Matheny (83-79)
2016,STL,NL Central,162,86,76,0,0.531,0.541,2nd of 5,17.5,779,712,3444490,28.5,28,41,21,C.Martinez (5.8),M.Matheny (86-76)
2015,STL,NL Central,162,100,62,0,0.617,0.594,1st of 5,--,647,525,3520889,28.4,28.2,46,23,J.Heyward (6.6),M.Matheny (100-62)
2014,STL,NL Central,162,90,72,0,0.556,0.512,1st of 5,--,619,603,3540649,28.6,27.2,46,24,A.Wainwright (6.4),M.Matheny (90-72)
2013,STL,NL Central,162,97,65,0,0.599,0.622,1st of 5,--,783,596,3369769,28.7,26.9,44,25,M.Carpenter (6.5),M.Matheny (97-65)
2012,STL,NL Central,162,88,74,0,0.543,0.575,2nd of 6,9,765,648,3262109,29.2,28.6,45,24,Y.Molina (7.2),M.Matheny (88-74)
2011,STL,NL Central,162,90,72,0,0.556,0.544,2nd of 6,6,762,692,3093954,29.3,30.2,46,24,A.Pujols (5.3),T.La Russa (90-72)
2010,STL,NL Central,162,86,76,0,0.531,0.563,2nd of 6,5,736,641,3301218,28.8,30.2,42,22,A.Pujols (7.5),T.La Russa (86-76)
2009,STL,NL Central,162,91,71,0,0.562,0.56,1st of 6,--,730,640,3343252,28.5,30.1,42,20,A.Pujols (9.7),T.La Russa (91-71)
2008,STL,NL Central,162,86,76,0,0.531,0.533,4th of 6,11.5,779,725,3432917,28.8,30.2,43,24,A.Pujols (9.2),T.La Russa (86-76)
2007,STL,NL Central,162,78,84,0,0.481,0.439,3rd of 6,7,725,829,3552180,30.2,29.6,45,25,A.Pujols (8.7),T.La Russa (78-84)
2006,STL,NL Central,161,83,78,0,0.516,0.511,1st of 6,--,781,762,3407104,29.6,28.6,41,19,A.Pujols (8.5),T.La Russa (83-78)
2005,STL,NL Central,162,100,62,0,0.617,0.608,1st of 6,--,805,634,3538988,30.8,29.7,40,20,A.Pujols (8.4),T.La Russa (100-62)
2004,STL,NL Central,162,105,57,0,0.648,0.617,1st of 6,--,855,659,3048427,30.6,30.1,37,20,S.Rolen (9.2),T.La Russa (105-57)
2003,STL,NL Central,162,85,77,0,0.525,0.544,3rd of 6,3,876,796,2910386,29.9,31.2,42,24,A.Pujols (8.7),T.La Russa (85-77)
2002,STL,NL Central,162,97,65,0,0.599,0.588,1st of 6,--,787,648,3011756,28.9,30.2,44,26,J.Edmonds (6.7),T.La Russa (97-65)
2001,STL,NL Central,162,93,69,0,0.574,0.579,2nd of 6,--,814,684,3109578,28.8,29.3,40,22,A.Pujols (6.6),T.La Russa (93-69)
2000,STL,NL Central,162,95,67,0,0.586,0.564,1st of 6,--,887,771,3336493,29.7,29.3,46,24,J.Edmonds (6.3),T.La Russa (95-67)
1999,STL,NL Central,161,75,86,0,0.466,0.484,4th of 6,21.5,809,838,3225334,28.7,28.6,42,22,M.McGwire (5.2),T.La Russa (75-86)
1998,STL,NL Central,163,83,79,1,0.512,0.516,3rd of 6,19,810,782,3195691,30.5,28.9,45,23,M.McGwire (7.5),T.La Russa (83-79)
1997,STL,NL Central,162,73,89,0,0.451,0.488,4th of 5,11,689,708,2634014,30,29.5,51,25,R.Lankford (5.3),T.La Russa (73-89)
1996,STL,NL Central,162,88,74,0,0.543,0.533,1st of 5,--,759,706,2654718,30.7,30.9,38,18,B.Jordan (5.5),T.La Russa (88-74)
1995,STL,NL Central,143,62,81,0,0.434,0.429,4th of 5,22.5,563,658,1756727,28.7,30.2,46,21,B.Jordan (5.2),J.Torre (20-27) and M.Jorgensen (42-54)
2019,MIL,NL Central,162,89,73,0,0.549,0.502,2nd of 5,2,769,766,2923333,28.9,28.7,50,30,C.Yelich (7.1),C.Counsell (89-73)
2018,MIL,NL Central,163,96,67,0,0.589,0.561,1st of 5,--,754,659,2850875,28.9,28.8,53,30,C.Yelich (7.6),C.Counsell (96-67)
2017,MIL,NL Central,162,86,76,0,0.531,0.522,2nd of 5,6,732,697,2627705,27.4,28.3,50,30,C.Anderson (4.1),C.Counsell (86-76)
2016,MIL,NL Central,162,73,89,0,0.451,0.46,4th of 5,30.5,671,733,2314614,27.5,28.1,50,27,R.Braun (4.4),C.Counsell (73-89)
2015,MIL,NL Central,162,68,94,0,0.42,0.446,4th of 5,32,655,737,2542558,28.1,28.4,49,26,R.Braun (3.8),R.Roenicke (7-18) and C.Counsell (61-76)
2014,MIL,NL Central,162,82,80,0,0.506,0.495,3rd of 5,8,650,657,2797384,28.8,29,40,21,J.Lucroy (6.6),R.Roenicke (82-80)
2013,MIL,NL Central,162,74,88,0,0.457,0.468,4th of 5,23,640,687,2531105,27.9,28.8,40,21,C.Gomez (7.8),R.Roenicke (74-88)
2012,MIL,NL Central,162,83,79,0,0.512,0.526,3rd of 6,14,776,733,2831385,29.2,29,46,23,R.Braun (6.9),R.Roenicke (83-79)
2011,MIL,NL Central,162,96,66,0,0.593,0.556,1st of 6,--,721,638,3071373,28.9,29.3,48,22,R.Braun (7.7),R.Roenicke (96-66)
2010,MIL,NL Central,162,77,85,0,0.475,0.468,3rd of 6,14,750,804,2776531,27.8,29.2,43,25,R.Braun (5.7),K.Macha (77-85)
2009,MIL,NL Central,162,80,82,0,0.494,0.481,3rd of 6,11,785,818,3037451,29.3,30,45,23,P.Fielder (6.3),K.Macha (80-82)
2008,MIL,NL Central,162,90,72,0,0.556,0.539,2nd of 6,7.5,750,689,3068458,28.7,29.9,44,20,C.Sabathia (5.2),N.Yost (83-67) and D.Sveum (7-5)
2007,MIL,NL Central,162,83,79,0,0.512,0.515,2nd of 6,2,801,776,2869144,27.7,29.1,40,21,C.Hart (4.7),N.Yost (83-79)
2006,MIL,NL Central,162,75,87,0,0.463,0.44,4th of 6,8.5,730,833,2335643,28.8,28.3,49,27,B.Hall (5.8),N.Yost (75-87)
2005,MIL,NL Central,162,81,81,0,0.5,0.519,3rd of 6,19,726,697,2211023,28.4,28,39,19,G.Jenkins (4.6),N.Yost (81-81)
2004,MIL,NL Central,161,67,94,0,0.416,0.42,6th of 6,37.5,634,757,2062382,28.5,27.2,41,22,B.Sheets (7.3),N.Yost (67-94)
2003,MIL,NL Central,162,68,94,0,0.42,0.409,6th of 6,20,714,873,1700354,29.8,27.6,42,23,S.Podsednik (3.6),N.Yost (68-94)
2002,MIL,NL Central,162,56,106,0,0.346,0.379,6th of 6,41,627,821,1969153,29.9,26.8,49,25,J.Hernandez (4.5),D.Lopes (3-12) and J.Royster (53-94)
2001,MIL,NL Central,162,68,94,0,0.42,0.461,4th of 6,25,740,806,2811041,29.4,27.3,46,24,R.Belliard (3.5),D.Lopes (68-94)
2000,MIL,NL Central,163,73,89,1,0.451,0.45,3rd of 6,22,740,826,1573621,28.8,27.4,46,24,J.D'Amico (4.8),D.Lopes (73-89)
1999,MIL,NL Central,161,74,87,0,0.46,0.462,5th of 6,22.5,815,886,1701796,28.1,28.2,44,24,J.Cirillo (4.8),P.Garner (52-60) and J.Lefebvre (22-27)
1998,MIL,NL Central,162,74,88,0,0.457,0.437,5th of 6,28,707,812,1811593,28.3,28.1,43,23,J.Cirillo (5.9),P.Garner (74-88)
1997,MIL,AL Central,161,78,83,0,0.484,0.461,3rd of 5,8,681,742,1444027,28,28.3,44,21,J.Cirillo (5.3),P.Garner (78-83)
1996,MIL,AL Central,162,80,82,0,0.494,0.497,3rd of 5,19.5,894,899,1327155,27.8,27.2,48,24,B.McDonald (5.3),P.Garner (80-82)
1995,MIL,AL Central,144,65,79,0,0.451,0.496,4th of 5,35,740,747,1087560,27.9,27.3,41,22,R.Bones (3.4),P.Garner (65-79)
2019,CHC,NL Central,162,84,78,0,0.519,0.558,3rd of 5,7,814,717,3094865,27.7,31.1,52,33,J.Baez (4.8),J.Maddon (84-78)
2018,CHC,NL Central,163,95,68,0,0.583,0.575,2nd of 5,1,761,645,3181089,27.2,30.2,50,35,J.Baez (6.3),J.Maddon (95-68)
2017,CHC,NL Central,162,92,70,0,0.568,0.576,1st of 5,--,822,695,3199562,27.1,30.8,47,28,K.Bryant (6.1),J.Maddon (92-70)
2016,CHC,NL Central,162,103,58,1,0.64,0.665,1st of 5,--,808,556,3232420,27.4,29.9,45,26,K.Bryant (7.4),J.Maddon (103-58)
2015,CHC,NL Central,162,97,65,0,0.599,0.557,3rd of 5,3,689,608,2919122,26.9,29.3,50,29,J.Arrieta (8.6),J.Maddon (97-65)
2014,CHC,NL Central,162,73,89,0,0.451,0.436,5th of 5,17,614,707,2652113,26.8,28,48,27,J.Arrieta (5.7),R.Renteria (73-89)
2013,CHC,NL Central,162,66,96,0,0.407,0.439,5th of 5,31,602,689,2642682,27.9,28.7,56,31,T.Wood (5.0),D.Sveum (66-96)
2012,CHC,NL Central,162,61,101,0,0.377,0.403,5th of 6,36,613,759,2882756,27.8,27.9,53,30,D.Barney (4.6),D.Sveum (61-101)
2011,CHC,NL Central,162,71,91,0,0.438,0.434,5th of 6,25,654,756,3017966,29.3,29.4,42,22,S.Castro (3.2),M.Quade (71-91)
2010,CHC,NL Central,162,75,87,0,0.463,0.448,5th of 6,16,685,767,3062973,29.4,28.2,44,23,M.Byrd (3.7),L.Piniella (51-74) and M.Quade (24-13)
2009,CHC,NL Central,161,83,78,0,0.516,0.523,2nd of 6,7.5,707,672,3168859,29.9,28.4,45,24,D.Lee (5.4),L.Piniella (83-78)
2008,CHC,NL Central,161,97,64,0,0.602,0.609,1st of 6,--,855,671,3300200,30.1,28.9,42,23,R.Dempster (6.8),L.Piniella (97-64)
2007,CHC,NL Central,162,85,77,0,0.525,0.539,1st of 6,--,752,690,3252462,29.3,28.4,47,22,A.Ramirez (5.3),L.Piniella (85-77)
2006,CHC,NL Central,162,66,96,0,0.407,0.431,6th of 6,17.5,716,834,3123215,28.6,28,46,23,C.Zambrano (5.7),D.Baker (66-96)
2005,CHC,NL Central,162,79,83,0,0.488,0.493,4th of 6,21,703,714,3099992,29.7,28.2,46,22,D.Lee (7.7),D.Baker (79-83)
2004,CHC,NL Central,162,89,73,0,0.549,0.578,3rd of 6,16,789,665,3170154,30.1,29.1,43,19,C.Zambrano (7.3),D.Baker (89-73)
2003,CHC,NL Central,162,88,74,0,0.543,0.527,1st of 6,--,724,683,2962630,31.3,28.2,42,17,M.Prior (7.9),D.Baker (88-74)
2002,CHC,NL Central,162,67,95,0,0.414,0.467,5th of 6,30,706,759,2693096,30.2,27.6,44,22,S.Sosa (5.7),"D.Baylor (34-49), R.Lachemann (0-1) and B.Kimm (33-45)"
2001,CHC,NL Central,162,88,74,0,0.543,0.547,3rd of 6,5,777,701,2779465,30.7,29.8,43,20,S.Sosa (10.3),D.Baylor (88-74)
2000,CHC,NL Central,162,65,97,0,0.401,0.424,6th of 6,30,764,904,2789511,30.8,28.4,51,24,S.Sosa (5.7),D.Baylor (65-97)
1999,CHC,NL Central,162,67,95,0,0.414,0.406,6th of 6,30,747,920,2813854,31.2,28.8,47,25,S.Sosa (4.8),J.Riggleman (67-95)
1998,CHC,NL Central,163,90,73,0,0.552,0.522,2nd of 6,12.5,831,792,2623194,30.1,28.8,47,25,S.Sosa (6.5),J.Riggleman (90-73)
1997,CHC,NL Central,162,68,94,0,0.42,0.455,5th of 5,16,687,759,2190308,29.4,28.2,42,21,M.Grace (4.2),J.Riggleman (68-94)
1996,CHC,NL Central,162,76,86,0,0.469,0.501,4th of 5,12,772,771,2219110,29,28.3,41,17,S.Sosa (5.4),J.Riggleman (76-86)
1995,CHC,NL Central,144,73,71,0,0.507,0.515,3rd of 5,12,693,671,1918265,28.3,27.8,43,21,S.Sosa (5.3),J.Riggleman (73-71)
2019,CIN,NL Central,162,75,87,0,0.463,0.494,4th of 5,16,701,711,1808685,27.9,28.2,47,26,S.Gray (5.6),D.Bell (75-87)
2018,CIN,NL Central,162,67,95,0,0.414,0.426,5th of 5,28.5,696,819,1629356,27.2,27.1,53,32,S.Gennett (4.2),B.Price (3-15) and J.Riggleman (64-80)
2017,CIN,NL Central,162,68,94,0,0.42,0.435,5th of 5,24,753,869,1836917,27.2,27.6,47,31,J.Votto (7.4),B.Price (68-94)
2016,CIN,NL Central,162,68,94,0,0.42,0.42,5th of 5,35.5,716,854,1894085,27.8,27.1,52,32,J.Votto (4.0),B.Price (68-94)
2015,CIN,NL Central,162,64,98,0,0.395,0.426,5th of 5,36,640,754,2419506,29.5,27.3,50,28,J.Votto (7.7),B.Price (64-98)
2014,CIN,NL Central,162,76,86,0,0.469,0.487,4th of 5,14,595,612,2476664,29,28,45,25,J.Cueto (6.8),B.Price (76-86)
2013,CIN,NL Central,162,90,72,0,0.556,0.577,3rd of 5,7,698,589,2492101,28.5,27.7,39,20,J.Votto (6.6),D.Baker (90-72)
2012,CIN,NL Central,162,97,65,0,0.599,0.559,1st of 6,--,669,588,2347251,28.8,27.1,38,17,J.Votto (5.9),D.Baker (97-65)
2011,CIN,NL Central,162,79,83,0,0.488,0.509,3rd of 6,17,735,720,2213588,28.6,27.7,42,21,J.Votto (6.6),D.Baker (79-83)
2010,CIN,NL Central,162,91,71,0,0.562,0.565,1st of 6,--,790,685,2060550,29,28.2,44,23,J.Votto (7.0),D.Baker (91-71)
2009,CIN,NL Central,162,78,84,0,0.481,0.467,4th of 6,13,673,723,1747919,27.8,29,46,22,J.Votto (4.8),D.Baker (78-84)
2008,CIN,NL Central,162,74,88,0,0.457,0.442,5th of 6,23.5,704,800,2058632,28.6,28.7,48,24,E.Volquez (4.5),D.Baker (74-88)
2007,CIN,NL Central,162,72,90,0,0.444,0.461,5th of 6,13,783,853,2058593,29.7,29.1,51,25,A.Harang (5.5),J.Narron (31-51) and P.Mackanin (41-39)
2006,CIN,NL Central,162,80,82,0,0.494,0.469,3rd of 6,3.5,749,801,2134607,29.6,29.5,54,29,B.Arroyo (7.0),J.Narron (80-82)
2005,CIN,NL Central,163,73,89,1,0.451,0.463,5th of 6,27,820,889,1943067,28.6,28.9,46,22,F.Lopez (4.3),D.Miley (27-43) and J.Narron (46-46)
2004,CIN,NL Central,162,76,86,0,0.469,0.414,4th of 6,29,750,907,2287250,28.4,28.5,44,22,A.Dunn (4.7),D.Miley (76-86)
2003,CIN,NL Central,162,69,93,0,0.426,0.39,5th of 6,19,694,886,2355259,27.3,28,57,30,J.Guillen (4.7),"B.Boone (46-58), R.Knight (1-0) and D.Miley (22-35)"
2002,CIN,NL Central,162,78,84,0,0.481,0.46,3rd of 6,19,709,774,1855787,27.7,28.7,43,21,E.Dessens (4.2),B.Boone (78-84)
2001,CIN,NL Central,162,66,96,0,0.407,0.434,5th of 6,27,735,850,1879757,28,27.4,50,25,E.Dessens (4.5),B.Boone (66-96)
2000,CIN,NL Central,163,85,77,1,0.525,0.534,2nd of 6,10,825,765,2577371,29.2,28.5,45,21,K.Griffey (5.5),J.McKeon (85-77)
1999,CIN,NL Central,163,96,67,0,0.589,0.589,2nd of 6,1.5,865,711,2061222,28.3,28,35,17,M.Cameron (5.5),J.McKeon (96-67)
1998,CIN,NL Central,162,77,85,0,0.475,0.494,4th of 6,25,750,760,1793649,27.5,28,47,24,B.Larkin (5.7),J.McKeon (77-85)
1997,CIN,NL Central,162,76,86,0,0.469,0.427,3rd of 5,8,651,764,1785788,28.2,29.6,50,25,J.Shaw (3.6),R.Knight (43-56) and J.McKeon (33-30)
1996,CIN,NL Central,162,81,81,0,0.5,0.503,3rd of 5,7,778,773,1861428,29.3,29.2,48,24,B.Larkin (7.2),R.Knight (81-81)
1995,CIN,NL Central,144,85,59,0,0.59,0.582,1st of 5,--,747,623,1837649,28.4,28.3,47,24,R.Sanders (6.6),D.Johnson (85-59)
2019,PIT,NL Central,162,69,93,0,0.426,0.417,5th of 5,22,758,911,1491439,27.4,27.2,54,34,B.Reynolds (3.9),C.Hurdle (69-92) and T.Prince (0-1)
2018,PIT,NL Central,161,82,79,0,0.509,0.499,4th of 5,13,692,693,1465316,27.8,26.5,48,24,J.Taillon (4.4),C.Hurdle (82-79)
2017,PIT,NL Central,162,75,87,0,0.463,0.459,4th of 5,17,668,731,1919447,28.2,27.1,47,24,J.Harrison (3.4),C.Hurdle (75-87)
2016,PIT,NL Central,162,78,83,1,0.484,0.482,3rd of 5,25,729,758,2249201,28.9,28.6,55,32,S.Marte (4.9),C.Hurdle (78-83)
2015,PIT,NL Central,162,98,64,0,0.605,0.571,2nd of 5,2,697,596,2498596,28.2,29.6,46,21,S.Marte (5.3),C.Hurdle (98-64)
2014,PIT,NL Central,162,88,74,0,0.543,0.535,2nd of 5,2,682,631,2442564,27.3,28.1,45,23,A.McCutchen (6.1),C.Hurdle (88-74)
2013,PIT,NL Central,162,94,68,0,0.58,0.543,2nd of 5,3,634,577,2256862,27.9,28.7,49,29,A.McCutchen (7.9),C.Hurdle (94-68)
2012,PIT,NL Central,162,79,83,0,0.488,0.484,4th of 6,18,651,674,2091918,27.6,30.2,49,25,A.McCutchen (6.9),C.Hurdle (79-83)
2011,PIT,NL Central,162,72,90,0,0.444,0.43,4th of 6,24,610,712,1940429,27.2,28.1,52,25,A.McCutchen (5.4),C.Hurdle (72-90)
2010,PIT,NL Central,162,57,105,0,0.352,0.329,6th of 6,34,587,866,1613399,26.5,28.6,52,28,A.McCutchen (3.8),J.Russell (57-105)
2009,PIT,NL Central,161,62,99,0,0.385,0.415,6th of 6,28.5,636,768,1577853,27,26.3,49,26,G.Jones (3.3),J.Russell (62-99)
2008,PIT,NL Central,162,67,95,0,0.414,0.416,6th of 6,30.5,735,884,1609076,28.4,26.5,47,26,P.Maholm (3.8),J.Russell (67-95)
2007,PIT,NL Central,162,68,94,0,0.42,0.429,6th of 6,17,724,846,1749142,27.2,27.1,46,25,J.Wilson (3.6),J.Tracy (68-94)
2006,PIT,NL Central,162,67,95,0,0.414,0.435,5th of 6,16.5,691,797,1861549,27.8,27,42,22,F.Sanchez (4.4),J.Tracy (67-95)
2005,PIT,NL Central,162,67,95,0,0.414,0.444,6th of 6,33,680,769,1817245,27.4,28.7,44,19,J.Bay (5.7),L.McClendon (55-81) and P.Mackanin (12-14)
2004,PIT,NL Central,161,72,89,0,0.447,0.459,5th of 6,32.5,680,744,1580031,27.2,27.7,43,22,O.Perez (5.9),L.McClendon (72-89)
2003,PIT,NL Central,162,75,87,0,0.463,0.472,4th of 6,13,753,801,1636751,29.7,28.3,46,23,K.Wells (5.0),L.McClendon (75-87)
2002,PIT,NL Central,161,72,89,0,0.447,0.441,4th of 6,24.5,641,730,1784988,27.9,28.1,38,19,B.Giles (5.4),L.McClendon (72-89)
2001,PIT,NL Central,162,62,100,0,0.383,0.38,6th of 6,31,657,858,2464870,27.8,28.1,49,22,B.Giles (5.3),L.McClendon (62-100)
2000,PIT,NL Central,162,69,93,0,0.426,0.448,5th of 6,26,793,888,1748908,28.3,27.1,46,24,B.Giles (6.4),G.Lamont (69-93)
1999,PIT,NL Central,161,78,83,0,0.484,0.496,3rd of 6,18.5,775,782,1638023,28.3,26.8,45,21,B.Giles (6.7),G.Lamont (78-83)
1998,PIT,NL Central,163,69,93,1,0.426,0.455,6th of 6,33,650,718,1560950,26.7,26.5,38,17,J.Kendall (5.6),G.Lamont (69-93)
1997,PIT,NL Central,162,79,83,0,0.488,0.478,2nd of 5,5,725,760,1657022,26.6,25.7,43,21,F.Cordova (4.3),G.Lamont (79-83)
1996,PIT,NL Central,162,73,89,0,0.451,0.468,5th of 5,15,776,833,1332150,28.8,27.9,46,25,D.Neagle (6.0),J.Leyland (73-89)
1995,PIT,NL Central,144,58,86,0,0.403,0.429,5th of 5,27,629,736,905517,28.3,26.4,40,21,D.Neagle (4.5),J.Leyland (58-86)