year,team,division_rank,playoffs,attendance_game_avg,attendance_league_rank,est_payroll,ppf,bpf,stadium
1998,ARI,5,0,44571,2nd of 16,32347000.0,99,100,Bank One Ballpark
1999,ARI,1,1,37280,5th of 16,68703999.0,100,101,Bank One Ballpark
2000,ARI,3,0,36324,6th of 16,81027833.0,103,104,Bank One Ballpark
2001,ARI,1,2,33783,9th of 16,85082999.0,107,108,Bank One Ballpark
2002,ARI,1,1,39494,2nd of 16,102819999.0,110,111,Bank One Ballpark
2003,ARI,3,0,34636,5th of 16,80657000.0,109,108,Bank One Ballpark
2004,ARI,5,0,31106,8th of 16,69780750.0,106,105,Bank One Ballpark
2005,ARI,2,0,25425,12th of 16,62629166.0,104,103,Bank One Ballpark
2006,ARI,4,0,25823,14th of 16,59984226.0,105,105,Chase Field
2007,ARI,1,1,28707,12th of 16,52067546.0,107,107,Chase Field
2008,ARI,2,0,30987,11th of 16,66202712.0,107,107,Chase Field
2009,ARI,5,0,26281,11th of 16,75920666.0,106,105,Chase Field
2010,ARI,5,0,25391,13th of 16,61368166.0,105,105,Chase Field
2011,ARI,1,1,25993,12th of 16,54823166.0,103,103,Chase Field
2012,ARI,3,0,26884,13th of 16,67069833.0,103,103,Chase Field
2013,ARI,2,0,26357,14th of 15,80060500.0,103,102,Chase Field
2014,ARI,5,0,25602,14th of 15,89926500.0,102,102,"Chase Field, Sydney Cricket Grounds"
2015,ARI,3,0,25681,12th of 15,64434000.0,105,105,Chase Field
2016,ARI,4,0,25138,11th of 15,78399500.0,107,107,Chase Field
2017,ARI,2,1,26350,11th of 15,106580200.0,108,108,Chase Field
2018,ARI,3,0,27688,9th of 15,134850600.0,104,105,Chase Field
2019,ARI,2,0,26364,12th of 15,124016266.0,101,101,Chase Field
1995,ATL,1,2,35581,3rd of 14,47235445.0,101,103,Atlanta-Fulton County Stadium
1996,ATL,1,1,35818,3rd of 14,49698500.0,104,105,Atlanta-Fulton County Stadium
1997,ATL,1,1,42771,2nd of 14,52278500.0,99,102,Turner Field
1998,ATL,1,1,41492,3rd of 16,61186000.0,98,100,Turner Field
1999,ATL,1,1,40554,2nd of 16,73341000.0,98,99,Turner Field
2000,ATL,1,1,39930,4th of 16,84737836.0,99,100,Turner Field
2001,ATL,1,1,34858,6th of 16,91936166.0,102,103,Turner Field
2002,ATL,1,1,32142,8th of 16,93470367.0,101,102,Turner Field
2003,ATL,1,1,29643,7th of 16,106243667.0,100,101,Turner Field
2004,ATL,1,1,28735,10th of 16,90182500.0,99,101,Turner Field
2005,ATL,1,1,31126,10th of 16,86457302.0,100,101,Turner Field
2006,ATL,3,0,31488,9th of 16,90156876.0,99,100,Turner Field
2007,ATL,3,0,33891,10th of 16,87290833.0,98,98,Turner Field
2008,ATL,4,0,31270,10th of 16,102365683.0,97,98,Turner Field
2009,ATL,3,0,29304,10th of 16,99593166.0,98,99,Turner Field
2010,ATL,2,1,30989,9th of 16,84423666.0,97,98,Turner Field
2011,ATL,2,0,29296,8th of 16,93855132.0,100,101,Turner Field
2012,ATL,2,1,29879,8th of 16,86208000.0,101,102,Turner Field
2013,ATL,1,1,31465,8th of 15,95618750.0,100,101,Turner Field
2014,ATL,2,0,29065,11th of 15,108081500.0,97,98,Turner Field
2015,ATL,4,0,24709,13th of 15,104037500.0,98,97,Turner Field
2016,ATL,5,0,24950,12th of 15,74999750.0,99,98,"Turner Field, Fort Bragg Park"
2017,ATL,3,0,30929,8th of 15,119705250.0,100,100,SunTrust Park
2018,ATL,1,1,31553,7th of 15,115848667.0,101,101,SunTrust Park
2019,ATL,1,1,32779,8th of 15,133186667.0,103,105,SunTrust Park
1995,BAL,3,0,43034,1st of 14,43942521.0,101,102,Oriole Park at Camden Yards
1996,BAL,2,1,44475,1st of 14,54599315.0,99,100,Oriole Park at Camden Yards
1997,BAL,1,1,45816,1st of 14,58516400.0,96,97,Oriole Park at Camden Yards
1998,BAL,4,0,45490,1st of 14,72525634.0,97,98,Oriole Park at Camden Yards
1999,BAL,4,0,42385,2nd of 14,80805863.0,95,95,Oriole Park at Camden Yards
2000,BAL,4,0,40704,2nd of 14,82347435.0,96,95,Oriole Park at Camden Yards
2001,BAL,4,0,38686,4th of 14,74279540.0,96,95,Oriole Park at Camden Yards
2002,BAL,4,0,33117,3rd of 14,64493487.0,96,95,Oriole Park at Camden Yards
2003,BAL,4,0,30303,5th of 14,73877500.0,99,99,Oriole Park at Camden Yards
2004,BAL,3,0,33877,5th of 14,51623333.0,98,98,Oriole Park at Camden Yards
2005,BAL,4,0,32404,5th of 14,73914333.0,99,99,Oriole Park at Camden Yards
2006,BAL,4,0,26582,10th of 14,72585582.0,99,99,Oriole Park at Camden Yards
2007,BAL,4,0,26726,11th of 14,93174808.0,102,101,Oriole Park at Camden Yards
2008,BAL,5,0,24376,10th of 14,67196246.0,102,101,Oriole Park at Camden Yards
2009,BAL,5,0,23545,9th of 14,69904166.0,102,101,Oriole Park at Camden Yards
2010,BAL,5,0,21395,10th of 14,81612500.0,100,99,Oriole Park at Camden Yards
2011,BAL,5,0,21672,11th of 14,88299038.0,103,102,Oriole Park at Camden Yards
2012,BAL,2,1,25954,7th of 14,77949000.0,103,102,Oriole Park at Camden Yards
2013,BAL,3,0,29106,8th of 15,100832000.0,102,103,Oriole Park at Camden Yards
2014,BAL,1,1,30426,6th of 15,109097500.0,103,103,Oriole Park at Camden Yards
2015,BAL,3,0,29246,8th of 15,112989833.0,102,102,Oriole Park at Camden Yards
2016,BAL,2,1,26819,10th of 15,153744833.0,102,102,Oriole Park at Camden Yards
2017,BAL,5,0,25042,12th of 15,161621633.0,99,97,Oriole Park at Camden Yards
2018,BAL,5,0,19311,14th of 15,141555833.0,100,98,Oriole Park at Camden Yards
2019,BAL,5,0,16146,14th of 15,82696100.0,102,99,Oriole Park at Camden Yards
1995,BOS,1,1,30061,4th of 14,32455518.0,103,103,Fenway Park
1996,BOS,3,0,28583,6th of 14,42393500.0,101,101,Fenway Park
1997,BOS,4,0,27483,7th of 14,43558750.0,102,102,Fenway Park
1998,BOS,2,1,28577,9th of 14,56927000.0,101,102,Fenway Park
1999,BOS,2,1,30200,6th of 14,64097500.0,103,104,Fenway Park
2000,BOS,2,0,31925,6th of 14,79975333.0,103,103,Fenway Park
2001,BOS,2,0,32412,6th of 14,110035833.0,100,101,Fenway Park
2002,BOS,2,0,32727,4th of 14,108366060.0,102,103,Fenway Park
2003,BOS,2,1,33632,4th of 14,99946500.0,103,105,Fenway Park
2004,BOS,2,2,35028,4th of 14,127298500.0,104,106,Fenway Park
2005,BOS,2,1,35159,3rd of 14,123505125.0,104,104,Fenway Park
2006,BOS,3,0,36180,4th of 14,120099824.0,104,105,Fenway Park
2007,BOS,1,2,36676,4th of 14,143026214.0,105,106,Fenway Park
2008,BOS,2,1,37633,4th of 14,133390035.0,106,107,Fenway Park
2009,BOS,2,1,37811,3rd of 14,125439499.0,104,105,Fenway Park
2010,BOS,3,0,37610,4th of 14,164507333.0,105,106,Fenway Park
2011,BOS,3,0,37704,4th of 14,166662475.0,105,105,Fenway Park
2012,BOS,5,0,37568,4th of 14,110386000.0,103,104,Fenway Park
2013,BOS,1,2,34979,5th of 15,175395500.0,103,103,Fenway Park
2014,BOS,5,0,36495,3rd of 15,134628929.0,104,104,Fenway Park
2015,BOS,5,0,35564,3rd of 15,183931900.0,107,107,Fenway Park
2016,BOS,1,1,36487,4th of 15,218682750.0,106,106,Fenway Park
2017,BOS,1,1,36021,4th of 15,200550750.0,104,105,Fenway Park
2018,BOS,1,2,35748,4th of 15,222205000.0,103,104,Fenway Park
2019,BOS,3,0,36107,3rd of 15,218978142.0,104,105,Fenway Park
1995,CHC,3,0,26643,5th of 14,29505834.0,97,97,Wrigley Field
1996,CHC,4,0,27396,5th of 14,33081000.0,102,102,Wrigley Field
1997,CHC,5,0,27041,6th of 14,42155333.0,102,102,Wrigley Field
1998,CHC,2,1,31990,6th of 16,50838000.0,103,103,Wrigley Field
1999,CHC,6,0,34739,6th of 16,62343000.0,98,97,Wrigley Field
2000,CHC,6,0,34438,9th of 16,60539333.0,98,97,"Wrigley Field, Tokyo Dome"
2001,CHC,3,0,34314,8th of 16,64715833.0,95,95,Wrigley Field
2002,CHC,5,0,33248,7th of 16,75690833.0,98,98,Wrigley Field
2003,CHC,1,1,36576,3rd of 16,79868333.0,101,101,Wrigley Field
2004,CHC,3,0,38660,4th of 16,90560000.0,102,102,Wrigley Field
2005,CHC,4,0,38272,4th of 16,87032933.0,104,104,Wrigley Field
2006,CHC,6,0,38558,5th of 16,94424499.0,103,103,Wrigley Field
2007,CHC,1,1,40154,4th of 16,101670332.0,104,105,Wrigley Field
2008,CHC,1,1,40743,5th of 16,120345833.0,106,107,Wrigley Field
2009,CHC,2,0,39611,4th of 16,139652000.0,106,107,Wrigley Field
2010,CHC,5,0,37814,4th of 16,146609002.0,105,104,Wrigley Field
2011,CHC,5,0,37259,5th of 16,136547329.0,102,101,Wrigley Field
2012,CHC,5,0,35590,5th of 16,86159366.0,103,101,Wrigley Field
2013,CHC,5,0,32626,7th of 15,67874166.0,103,102,Wrigley Field
2014,CHC,5,0,32742,6th of 15,59800500.0,103,102,Wrigley Field
2015,CHC,3,1,36039,4th of 15,115306610.0,97,98,Wrigley Field
2016,CHC,1,2,39906,4th of 15,176097333.0,100,101,Wrigley Field
2017,CHC,1,1,39501,4th of 15,177210667.0,101,103,Wrigley Field
2018,CHC,2,1,38794,4th of 15,205373881.0,103,104,Wrigley Field
2019,CHC,3,0,38208,3rd of 15,217805215.0,101,102,Wrigley Field
1995,CHW,3,0,22358,9th of 14,46961282.0,95,96,Comiskey Park II
1996,CHW,2,0,20696,9th of 14,45289500.0,95,95,Comiskey Park II
1997,CHW,2,0,23022,8th of 14,57740000.0,96,96,Comiskey Park II
1998,CHW,2,0,16965,12th of 14,39850000.0,98,97,Comiskey Park II
1999,CHW,2,0,16529,13th of 14,25820000.0,101,101,Comiskey Park II
2000,CHW,1,1,24047,9th of 14,31743500.0,102,102,Comiskey Park II
2001,CHW,3,0,21805,12th of 14,65653667.0,103,104,Comiskey Park II
2002,CHW,2,0,20703,10th of 14,57052833.0,101,101,Comiskey Park II
2003,CHW,2,0,23945,9th of 14,51010000.0,102,102,U.S. Cellular Field
2004,CHW,2,0,23834,8th of 14,65212500.0,101,102,U.S. Cellular Field
2005,CHW,1,2,28924,7th of 14,75178000.0,103,103,U.S. Cellular Field
2006,CHW,3,0,36511,3rd of 14,102750667.0,104,104,U.S. Cellular Field
2007,CHW,4,0,33141,5th of 14,108671833.0,104,104,U.S. Cellular Field
2008,CHW,1,1,30496,5th of 14,121189332.0,105,104,U.S. Cellular Field
2009,CHW,3,0,28200,6th of 14,101081000.0,105,105,U.S. Cellular Field
2010,CHW,2,0,27091,7th of 14,107195000.0,103,103,U.S. Cellular Field
2011,CHW,3,0,24705,7th of 14,127789000.0,106,106,U.S. Cellular Field
2012,CHW,2,0,24271,9th of 14,118208000.0,104,104,U.S. Cellular Field
2013,CHW,5,0,21832,10th of 15,81401900.0,105,104,U.S. Cellular Field
2014,CHW,4,0,20381,13th of 15,87475500.0,98,97,U.S. Cellular Field
2015,CHW,4,0,21677,13th of 15,112889700.0,97,96,U.S. Cellular Field
2016,CHW,4,0,21559,12th of 15,113416000.0,96,96,U.S. Cellular Field
2017,CHW,4,0,20117,13th of 15,97842000.0,98,97,Guaranteed Rate Field
2018,CHW,4,0,19862,12th of 15,75092000.0,99,98,Guaranteed Rate Field
2019,CHW,3,0,20622,10th of 15,80846333.0,99,97,Guaranteed Rate Field
1995,CIN,1,1,25523,6th of 14,43144670.0,98,99,Riverfront Stadium
1996,CIN,3,0,22981,8th of 14,42526334.0,100,100,Cinergy Field
1997,CIN,3,0,22047,9th of 14,49768000.0,102,102,Cinergy Field
1998,CIN,4,0,22144,12th of 16,23005000.0,102,102,Cinergy Field
1999,CIN,2,0,25137,11th of 16,33962761.0,102,103,Cinergy Field
2000,CIN,2,0,31431,10th of 16,46867200.0,102,102,Cinergy Field
2001,CIN,5,0,23207,13th of 16,48986000.0,105,105,Cinergy Field
2002,CIN,3,0,22911,12th of 16,45050390.0,104,104,Cinergy Field
2003,CIN,5,0,29077,8th of 16,59355667.0,96,95,Great American Ball Park
2004,CIN,4,0,28238,12th of 16,46915250.0,98,97,Great American Ball Park
2005,CIN,5,0,23696,13th of 16,61892583.0,101,100,Great American Ball Park
2006,CIN,3,0,26353,12th of 16,60909519.0,104,104,Great American Ball Park
2007,CIN,5,0,25415,13th of 16,68524980.0,104,104,Great American Ball Park
2008,CIN,5,0,25415,14th of 16,74167695.0,102,102,Great American Ball Park
2009,CIN,4,0,21579,14th of 16,78979000.0,100,100,Great American Ball Park
2010,CIN,1,1,25439,12th of 16,75321542.0,101,102,Great American Ball Park
2011,CIN,3,0,27328,10th of 16,77297134.0,103,104,Great American Ball Park
2012,CIN,1,1,28978,10th of 16,80309500.0,104,104,Great American Ball Park
2013,CIN,3,1,31151,10th of 15,106255535.0,101,101,Great American Ball Park
2014,CIN,4,0,30576,8th of 15,102230000.0,100,100,Great American Ball Park
2015,CIN,5,0,29870,11th of 15,111572286.0,101,100,Great American Ball Park
2016,CIN,5,0,23384,14th of 15,77329561.0,102,101,Great American Ball Park
2017,CIN,5,0,22678,14th of 15,79315786.0,103,101,Great American Ball Park
2018,CIN,5,0,20116,13th of 15,94587500.0,103,102,Great American Ball Park
2019,CIN,4,0,22329,13th of 15,109737499.0,103,103,Great American Ball Park
1995,CLE,1,1,39483,2nd of 14,38057835.0,99,101,Jacobs Field
1996,CLE,1,1,41477,2nd of 14,48216360.0,97,99,Jacobs Field
1997,CLE,1,1,42034,2nd of 14,56802460.0,102,103,Jacobs Field
1998,CLE,1,1,42806,2nd of 14,61718166.0,102,103,Jacobs Field
1999,CLE,1,1,42820,1st of 14,73679962.0,102,103,Jacobs Field
2000,CLE,2,0,42670,1st of 14,76972271.0,100,101,Jacobs Field
2001,CLE,1,1,39694,3rd of 14,93360001.0,100,100,Jacobs Field
2002,CLE,3,0,32308,5th of 14,78909449.0,98,97,Jacobs Field
2003,CLE,4,0,21358,12th of 14,48584834.0,97,96,Jacobs Field
2004,CLE,3,0,22400,12th of 14,34319300.0,94,94,Jacobs Field
2005,CLE,2,0,24861,12th of 14,41502500.0,96,96,Jacobs Field
2006,CLE,4,0,24667,11th of 14,56031500.0,98,99,Jacobs Field
2007,CLE,1,1,28449,9th of 14,61673267.0,100,101,"Jacobs Field, Miller Park"
2008,CLE,3,0,26787,9th of 14,78970066.0,97,98,Progressive Field
2009,CLE,4,0,21805,13th of 14,85224866.0,95,95,Progressive Field
2010,CLE,4,0,17181,14th of 14,61203966.0,95,94,Progressive Field
2011,CLE,2,0,22726,9th of 14,49426566.0,96,94,Progressive Field
2012,CLE,4,0,19797,13th of 14,78911300.0,95,94,Progressive Field
2013,CLE,2,1,19419,14th of 15,87342433.0,95,95,Progressive Field
2014,CLE,3,0,17746,15th of 15,73509399.0,102,103,Progressive Field
2015,CLE,3,0,17361,14th of 15,59163766.0,107,107,Progressive Field
2016,CLE,1,1,19650,13th of 15,94511067.0,107,109,Progressive Field
2017,CLE,1,1,25286,11th of 15,114427167.0,104,106,Progressive Field
2018,CLE,1,1,23786,9th of 15,143375233.0,101,103,Progressive Field
2019,CLE,2,0,21465,9th of 15,151257783.0,102,104,Progressive Field
1995,COL,2,1,47084,1st of 14,34154717.0,128,128,Coors Field
1996,COL,3,0,48037,1st of 14,40324823.0,123,123,Coors Field
1997,COL,3,0,48006,1st of 14,43559667.0,123,122,Coors Field
1998,COL,4,0,46823,1st of 16,50484648.0,122,121,Coors Field
1999,COL,5,0,42976,1st of 16,61935837.0,127,126,Coors Field
2000,COL,4,0,40681,3rd of 16,61111190.0,125,125,Coors Field
2001,COL,5,0,39097,2nd of 16,71541334.0,122,122,Coors Field
2002,COL,4,0,33800,6th of 16,56851043.0,116,115,Coors Field
2003,COL,4,0,28816,9th of 16,67179667.0,116,115,Coors Field
2004,COL,4,0,28865,9th of 16,65445167.0,114,113,Coors Field
2005,COL,5,0,23634,14th of 16,47839000.0,113,112,Coors Field
2006,COL,4,0,25980,13th of 16,41233000.0,109,109,Coors Field
2007,COL,2,1,28979,11th of 16,54041000.0,108,107,Coors Field
2008,COL,3,0,32719,9th of 16,68655500.0,109,109,Coors Field
2009,COL,2,1,32902,8th of 16,79250200.0,112,112,Coors Field
2010,COL,3,0,35497,6th of 16,90677000.0,115,115,Coors Field
2011,COL,4,0,35923,7th of 16,91648071.0,119,119,Coors Field
2012,COL,5,0,32475,7th of 16,75485000.0,117,117,Coors Field
2013,COL,5,0,34492,5th of 15,73768000.0,119,118,Coors Field
2014,COL,4,0,33090,5th of 15,95403500.0,116,116,Coors Field
2015,COL,5,0,30948,8th of 15,96438600.0,118,118,Coors Field
2016,COL,3,0,32130,6th of 15,89707000.0,116,116,Coors Field
2017,COL,3,1,36465,5th of 15,106650000.0,116,117,Coors Field
2018,COL,2,1,37233,5th of 15,136658500.0,117,117,Coors Field
2019,COL,4,0,36954,4th of 15,145348500.0,118,118,Coors Field
1995,DET,4,0,16402,11th of 14,37044168.0,102,100,Tiger Stadium
1996,DET,5,0,14427,13th of 14,23438000.0,102,100,Tiger Stadium
1997,DET,3,0,16854,13th of 14,17272000.0,100,99,Tiger Stadium
1998,DET,5,0,17400,11th of 14,24265000.0,101,100,Tiger Stadium
1999,DET,3,0,25018,9th of 14,36689666.0,100,99,Tiger Stadium
2000,DET,3,0,30106,7th of 14,59645167.0,95,94,Comerica Park
2001,DET,4,0,23720,9th of 14,53416167.0,95,93,Comerica Park
2002,DET,5,0,18795,12th of 14,55048000.0,95,92,Comerica Park
2003,DET,5,0,16892,13th of 14,49168000.0,95,93,Comerica Park
2004,DET,4,0,23667,9th of 14,46832000.0,96,94,Comerica Park
2005,DET,4,0,24993,10th of 14,69092000.0,97,97,Comerica Park
2006,DET,2,1,32049,5th of 14,82612866.0,99,100,Comerica Park
2007,DET,2,0,37619,3rd of 14,95180369.0,101,102,Comerica Park
2008,DET,5,0,39539,3rd of 14,138785196.0,102,102,Comerica Park
2009,DET,2,0,31693,4th of 14,119510145.0,101,101,Comerica Park
2010,DET,3,0,30386,6th of 14,124039928.0,101,102,Comerica Park
2011,DET,1,1,32618,6th of 14,106875231.0,101,102,Comerica Park
2012,DET,1,1,37383,5th of 14,131394000.0,104,105,Comerica Park
2013,DET,1,1,38067,3rd of 15,154407000.0,104,104,Comerica Park
2014,DET,1,1,36015,4th of 15,169135500.0,101,101,Comerica Park
2015,DET,5,0,33655,5th of 15,172284750.0,99,99,Comerica Park
2016,DET,2,0,31173,7th of 15,199902000.0,101,100,Comerica Park
2017,DET,5,0,28662,7th of 15,118375600.0,102,101,Comerica Park
2018,DET,3,0,22926,10th of 15,111531000.0,105,103,Comerica Park
2019,DET,5,0,18536,12th of 15,100618500.0,104,102,Comerica Park
1995,HOU,2,0,18942,9th of 14,34169834.0,92,92,Astrodome
1996,HOU,2,0,24394,7th of 14,28487000.0,91,92,Astrodome
1997,HOU,1,1,25269,8th of 14,34777500.0,95,96,Astrodome
1998,HOU,1,1,30351,8th of 16,42374000.0,97,98,Astrodome
1999,HOU,1,1,33000,8th of 16,55114000.0,98,99,Astrodome
2000,HOU,4,0,37730,5th of 16,51289111.0,107,107,Enron Field
2001,HOU,1,1,35855,5th of 16,60612667.0,106,106,Enron Field
2002,HOU,2,0,31078,9th of 16,63448417.0,105,106,Minute Maid Park
2003,HOU,2,0,30299,6th of 16,71040000.0,102,103,Minute Maid Park
2004,HOU,2,1,38122,5th of 16,75397000.0,100,101,Minute Maid Park
2005,HOU,2,1,34627,7th of 16,76779000.0,100,101,Minute Maid Park
2006,HOU,2,0,37318,6th of 16,100894435.0,99,100,Minute Maid Park
2007,HOU,4,0,37289,7th of 16,87759000.0,100,100,Minute Maid Park
2008,HOU,3,0,34744,8th of 16,87946807.0,98,97,"Minute Maid Park, Miller Park"
2009,HOU,5,0,31124,9th of 16,105804414.0,98,98,Minute Maid Park
2010,HOU,4,0,28784,10th of 16,93216000.0,98,97,Minute Maid Park
2011,HOU,6,0,25519,13th of 16,71110500.0,99,98,Minute Maid Park
2012,HOU,6,0,19849,16th of 16,37651000.0,102,100,Minute Maid Park
2013,HOU,5,0,20394,13th of 15,14672300.0,101,99,Minute Maid Park
2014,HOU,4,0,21628,12th of 15,44736800.0,101,100,Minute Maid Park
2015,HOU,2,1,26587,11th of 15,93256200.0,97,97,Minute Maid Park
2016,HOU,3,0,28477,8th of 15,89498000.0,93,94,Minute Maid Park
2017,HOU,1,2,29675,6th of 15,157656400.0,93,94,Minute Maid Park
2018,HOU,1,1,36797,3rd of 15,172781200.0,97,99,Minute Maid Park
2019,HOU,1,1,35276,4th of 15,166042500.0,100,103,Minute Maid Park
1995,KCR,2,0,17132,10th of 14,29532834.0,101,101,Kauffman Stadium
1996,KCR,5,0,17950,10th of 14,20281250.0,99,99,Kauffman Stadium
1997,KCR,5,0,18970,10th of 14,34810000.0,102,101,Kauffman Stadium
1998,KCR,3,0,18686,10th of 14,38097500.0,102,101,Kauffman Stadium
1999,KCR,4,0,18826,11th of 14,26660000.0,102,101,Kauffman Stadium
2000,KCR,4,0,19319,12th of 14,24903000.0,103,103,Kauffman Stadium
2001,KCR,5,0,18968,13th of 14,35422500.0,107,106,Kauffman Stadium
2002,KCR,4,0,16334,13th of 14,47257000.0,111,110,Kauffman Stadium
2003,KCR,3,0,22249,10th of 14,40518000.0,108,107,Kauffman Stadium
2004,KCR,5,0,20768,13th of 14,47609000.0,103,101,Kauffman Stadium
2005,KCR,5,0,16928,13th of 14,36881000.0,101,99,Kauffman Stadium
2006,KCR,5,0,16946,13th of 14,47694000.0,103,101,Kauffman Stadium
2007,KCR,5,0,19961,13th of 14,67691500.0,101,100,Kauffman Stadium
2008,KCR,4,0,19493,14th of 14,59445500.0,99,98,Kauffman Stadium
2009,KCR,4,0,22196,12th of 14,76817333.0,99,97,Kauffman Stadium
2010,KCR,5,0,19942,11th of 14,73105210.0,101,99,Kauffman Stadium
2011,KCR,4,0,21290,12th of 14,35712000.0,100,99,Kauffman Stadium
2012,KCR,3,0,21480,10th of 14,61747075.0,102,102,Kauffman Stadium
2013,KCR,3,0,21614,12th of 15,87426250.0,103,103,Kauffman Stadium
2014,KCR,2,1,24154,11th of 15,89804075.0,103,104,Kauffman Stadium
2015,KCR,1,2,33439,6th of 15,121590475.0,104,104,Kauffman Stadium
2016,KCR,3,0,31577,6th of 15,125132675.0,102,102,Kauffman Stadium
2017,KCR,3,0,27412,8th of 15,127555817.0,102,101,Kauffman Stadium
2018,KCR,5,0,20557,11th of 15,95199167.0,101,100,Kauffman Stadium
2019,KCR,4,0,18267,13th of 15,98183242.0,102,101,Kauffman Stadium
1995,LAA,2,0,24287,6th of 14,31223171.0,99,99,Anaheim Stadium
1996,LAA,4,0,22476,8th of 14,28847000.0,98,98,Anaheim Stadium
1997,LAA,2,0,21553,9th of 14,31135472.0,102,102,Anaheim Stadium
1998,LAA,2,0,31102,6th of 14,41791000.0,102,102,Edison Field
1999,LAA,4,0,27816,7th of 14,55633166.0,99,99,Edison Field
2000,LAA,3,0,25518,8th of 14,52664167.0,102,102,Edison Field
2001,LAA,3,0,24703,8th of 14,47735167.0,100,101,Edison Field
2002,LAA,2,2,28464,7th of 14,61721667.0,99,100,Edison Field
2003,LAA,3,0,37330,3rd of 14,79031667.0,97,98,Edison Field
2004,LAA,1,1,41675,2nd of 14,100534667.0,96,97,Angel Stadium of Anaheim
2005,LAA,1,1,42033,2nd of 14,94867822.0,97,98,Angel Stadium of Anaheim
2006,LAA,2,0,42059,2nd of 14,103472000.0,99,100,Angel Stadium of Anaheim
2007,LAA,1,1,41551,2nd of 14,109251333.0,100,101,Angel Stadium of Anaheim
2008,LAA,1,1,41194,2nd of 14,119216333.0,102,102,Angel Stadium of Anaheim
2009,LAA,1,1,40005,2nd of 14,118169000.0,98,99,Angel Stadium of Anaheim
2010,LAA,3,0,40134,2nd of 14,104963866.0,96,96,Angel Stadium of Anaheim
2011,LAA,2,0,39090,3rd of 14,138543166.0,92,92,Angel Stadium of Anaheim
2012,LAA,3,0,37800,3rd of 14,141073500.0,93,94,Angel Stadium of Anaheim
2013,LAA,3,0,37278,4th of 15,116532500.0,94,94,Angel Stadium of Anaheim
2014,LAA,1,1,38221,2nd of 15,128667000.0,94,95,Angel Stadium of Anaheim
2015,LAA,3,0,37195,2nd of 15,131522500.0,94,94,Angel Stadium of Anaheim
2016,LAA,4,0,37236,3rd of 15,139712000.0,95,95,Angel Stadium of Anaheim
2017,LAA,2,0,37279,3rd of 15,181125500.0,97,97,Angel Stadium of Anaheim
2018,LAA,4,0,37287,2nd of 15,166849666.0,98,98,Angel Stadium of Anaheim
2019,LAA,4,0,37272,2nd of 15,177345250.0,98,98,Angel Stadium of Anaheim
1995,LAD,1,1,38420,2nd of 14,39273201.0,90,91,Dodger Stadium
1996,LAD,2,1,39364,2nd of 14,35355000.0,92,93,Dodger Stadium
1997,LAD,2,0,40982,3rd of 14,45380304.0,92,93,Dodger Stadium
1998,LAD,3,0,38139,5th of 16,48820000.0,95,95,Dodger Stadium
1999,LAD,3,0,38214,4th of 16,81062453.0,94,94,Dodger Stadium
2000,LAD,2,0,35559,7th of 16,88124286.0,93,94,Dodger Stadium
2001,LAD,3,0,37249,4th of 16,109105953.0,91,92,Dodger Stadium
2002,LAD,3,0,38657,3rd of 16,94850953.0,92,92,Dodger Stadium
2003,LAD,2,0,38748,2nd of 16,105872620.0,94,94,Dodger Stadium
2004,LAD,1,1,43065,1st of 16,92902001.0,95,95,Dodger Stadium
2005,LAD,4,0,44489,1st of 16,83039000.0,97,98,Dodger Stadium
2006,LAD,2,1,46402,1st of 16,98447187.0,100,101,Dodger Stadium
2007,LAD,4,0,47618,1st of 16,108454524.0,100,101,Dodger Stadium
2008,LAD,1,1,46056,2nd of 16,118588536.0,97,98,Dodger Stadium
2009,LAD,1,1,46440,1st of 16,102117592.0,95,95,Dodger Stadium
2010,LAD,4,0,43979,2nd of 16,95358016.0,96,96,Dodger Stadium
2011,LAD,3,0,36236,6th of 16,103785477.0,96,96,Dodger Stadium
2012,LAD,2,0,41040,3rd of 16,177033600.0,96,96,Dodger Stadium
2013,LAD,1,1,46216,1st of 15,254161000.0,95,96,Dodger Stadium
2014,LAD,1,1,46696,1st of 15,233386026.0,95,96,Dodger Stadium
2015,LAD,1,1,46479,1st of 15,265140429.0,94,95,Dodger Stadium
2016,LAD,1,1,45720,1st of 15,231342096.0,96,97,Dodger Stadium
2017,LAD,1,1,46492,1st of 15,201466263.0,95,96,Dodger Stadium
2018,LAD,1,1,47043,1st of 15,164703429.0,96,98,Dodger Stadium
2019,LAD,1,1,49066,1st of 15,193553333.0,94,96,Dodger Stadium
1995,MIA,4,0,23950,8th of 14,24515781.0,100,100,Joe Robbie Stadium
1996,MIA,3,0,21565,10th of 14,31132000.0,96,97,Joe Robbie Stadium
1997,MIA,2,2,29190,5th of 14,48692500.0,96,95,Pro Player Stadium
1998,MIA,5,0,21363,13th of 16,41864667.0,95,94,Pro Player Stadium
1999,MIA,5,0,17118,15th of 16,21085000.0,94,93,Pro Player Stadium
2000,MIA,3,0,15041,15th of 16,20347000.0,95,94,Pro Player Stadium
2001,MIA,4,0,15765,15th of 16,35762500.0,97,96,Pro Player Stadium
2002,MIA,4,0,10038,15th of 16,41979917.0,97,97,Pro Player Stadium
2003,MIA,2,2,16089,15th of 16,49450000.0,98,98,Pro Player Stadium
2004,MIA,3,0,21539,14th of 16,42143042.0,95,95,"U.S. Cellular Field, Pro Player Stadium"
2005,MIA,3,0,22872,15th of 16,60408834.0,94,94,Dolphins Stadium
2006,MIA,4,0,14372,16th of 16,14671500.0,96,95,Dolphins Stadium
2007,MIA,5,0,16920,16th of 16,30507000.0,98,97,Dolphin Stadium
2008,MIA,3,0,16482,16th of 16,21811500.0,101,101,Dolphin Stadium
2009,MIA,2,0,18075,16th of 16,40029000.0,102,102,Land Shark Stadium
2010,MIA,3,0,18826,16th of 16,57454719.0,103,103,"Sun Life Stadium, Estadio Hiram Bithorn"
2011,MIA,5,0,18772,16th of 16,57694000.0,102,101,Sun Life Stadium
2012,MIA,5,0,27401,12th of 16,107678000.0,103,102,Marlins Park
2013,MIA,5,0,19584,15th of 15,24761900.0,103,102,Marlins Park
2014,MIA,4,0,21386,15th of 15,42365400.0,101,100,Marlins Park
2015,MIA,3,0,21633,15th of 15,71231500.0,97,96,Marlins Park
2016,MIA,3,0,21405,15th of 15,72472000.0,94,93,"Marlins Park, Estadio Hiram Bithorn"
2017,MIA,2,0,20295,15th of 15,111591100.0,91,90,Marlins Park
2018,MIA,5,0,10014,15th of 15,86515143.0,95,94,Marlins Park
2019,MIA,5,0,10016,15th of 15,74683643.0,96,94,Marlins Park
1995,MIL,4,0,15105,13th of 14,17798825.0,105,105,County Stadium
1996,MIL,3,0,16385,12th of 14,21730000.0,104,103,County Stadium
1997,MIL,3,0,18050,11th of 14,23655338.0,102,101,County Stadium
1998,MIL,5,0,22365,11th of 16,34139904.0,101,100,County Stadium
1999,MIL,5,0,21272,13th of 16,43377395.0,99,98,County Stadium
2000,MIL,3,0,19427,14th of 16,37305333.0,98,97,County Stadium
2001,MIL,4,0,34704,7th of 16,43886833.0,98,97,Miller Park
2002,MIL,6,0,24311,11th of 16,50287833.0,99,98,Miller Park
2003,MIL,6,0,20992,13th of 16,40627000.0,100,98,Miller Park
2004,MIL,6,0,25462,13th of 16,27528500.0,101,100,Miller Park
2005,MIL,3,0,27297,11th of 16,39934833.0,101,100,Miller Park
2006,MIL,4,0,28835,10th of 16,57970333.0,101,101,Miller Park
2007,MIL,2,0,35422,8th of 16,70986500.0,100,100,Miller Park
2008,MIL,2,1,37882,6th of 16,80937499.0,98,98,Miller Park
2009,MIL,3,0,37499,6th of 16,81384502.0,98,98,Miller Park
2010,MIL,3,0,34278,7th of 16,81108278.0,100,100,Miller Park
2011,MIL,1,1,37918,4th of 16,86636333.0,103,103,Miller Park
2012,MIL,3,0,34955,6th of 16,95717000.0,104,105,Miller Park
2013,MIL,4,0,31248,9th of 15,86945000.0,103,103,Miller Park
2014,MIL,3,0,34536,4th of 15,109567000.0,103,103,Miller Park
2015,MIL,4,0,31390,7th of 15,70869500.0,101,100,Miller Park
2016,MIL,4,0,28575,9th of 15,52077500.0,102,102,Miller Park
2017,MIL,2,0,31282,6th of 15,68439300.0,101,101,Miller Park
2018,MIL,1,1,35196,6th of 15,109295700.0,101,102,Miller Park
2019,MIL,2,1,36091,5th of 15,128842900.0,101,101,Miller Park
1995,MIN,5,0,14690,14th of 14,25410500.0,102,101,Hubert H. Humphrey Metrodome
1996,MIN,4,0,17529,11th of 14,23117000.0,102,101,Hubert H. Humphrey Metrodome
1997,MIN,4,0,17421,12th of 14,34072500.0,101,100,Hubert H. Humphrey Metrodome
1998,MIN,4,0,14395,14th of 14,28097500.0,102,101,Hubert H. Humphrey Metrodome
1999,MIN,5,0,14850,14th of 14,22107500.0,104,103,Hubert H. Humphrey Metrodome
2000,MIN,5,0,12355,14th of 14,17529500.0,105,104,Hubert H. Humphrey Metrodome
2001,MIN,2,0,22011,11th of 14,24130000.0,101,101,Hubert H. Humphrey Metrodome
2002,MIN,1,1,23759,9th of 14,40425000.0,100,100,Hubert H. Humphrey Metrodome
2003,MIN,1,1,24025,8th of 14,55505000.0,100,101,Hubert H. Humphrey Metrodome
2004,MIN,1,1,23599,10th of 14,53890000.0,102,102,Hubert H. Humphrey Metrodome
2005,MIN,3,0,25114,9th of 14,56186000.0,102,102,Hubert H. Humphrey Metrodome
2006,MIN,1,1,28210,9th of 14,63396006.0,98,98,Hubert H. Humphrey Metrodome
2007,MIN,3,0,28350,10th of 14,71439500.0,95,95,Hubert H. Humphrey Metrodome
2008,MIN,2,0,28425,8th of 14,56932766.0,96,96,Hubert H. Humphrey Metrodome
2009,MIN,1,1,29466,5th of 14,67804266.0,98,98,Hubert H. Humphrey Metrodome
2010,MIN,1,1,39798,3rd of 14,97559166.0,98,98,Target Field
2011,MIN,5,0,39113,2nd of 14,112737000.0,99,99,Target Field
2012,MIN,5,0,34276,6th of 14,99066000.0,100,98,Target Field
2013,MIN,4,0,30588,7th of 15,63042500.0,102,101,Target Field
2014,MIN,5,0,27785,8th of 15,87044000.0,102,102,Target Field
2015,MIN,2,0,27408,9th of 15,107755000.0,101,100,Target Field
2016,MIN,5,0,24246,11th of 15,93333700.0,100,100,Target Field
2017,MIN,2,1,25324,10th of 15,103932500.0,101,100,Target Field
2018,MIN,2,0,24188,8th of 15,110275000.0,100,101,Target Field
2019,MIN,1,1,28323,5th of 15,113758333.0,99,100,Target Field
1995,NYM,2,0,17683,11th of 14,27674992.0,96,96,Shea Stadium
1996,NYM,4,0,19609,12th of 14,24479500.0,95,95,Shea Stadium
1997,NYM,3,0,21805,10th of 14,39800400.0,97,97,Shea Stadium
1998,NYM,2,0,28246,9th of 16,52247999.0,99,99,Shea Stadium
1999,NYM,2,1,33650,7th of 16,68852092.0,97,97,Shea Stadium
2000,NYM,2,1,34821,8th of 16,79509776.0,96,96,"Shea Stadium, Tokyo Dome"
2001,NYM,3,0,32819,10th of 16,93174428.0,95,95,Shea Stadium
2002,NYM,5,0,34628,5th of 16,94633593.0,97,96,Shea Stadium
2003,NYM,5,0,26757,11th of 16,117176429.0,98,97,Shea Stadium
2004,NYM,4,0,28629,11th of 16,102035970.0,99,98,Shea Stadium
2005,NYM,3,0,34937,6th of 16,101305821.0,97,97,Shea Stadium
2006,NYM,1,1,41723,3rd of 16,101584963.0,97,98,Shea Stadium
2007,NYM,2,0,47580,2nd of 16,116181663.0,97,98,Shea Stadium
2008,NYM,2,0,49902,1st of 16,137793376.0,98,98,Shea Stadium
2009,NYM,4,0,39118,5th of 16,151994237.0,97,97,Citi Field
2010,NYM,4,0,31602,8th of 16,134422942.0,97,97,Citi Field
2011,NYM,4,0,29044,9th of 16,151897309.0,96,96,Citi Field
2012,NYM,4,0,27689,11th of 16,91621424.0,96,95,Citi Field
2013,NYM,3,0,26366,13th of 15,69425860.0,95,94,Citi Field
2014,NYM,2,0,26528,13th of 15,82663615.0,94,94,Citi Field
2015,NYM,1,1,31725,6th of 15,98874473.0,97,97,Citi Field
2016,NYM,2,1,34440,5th of 15,155221282.0,96,96,Citi Field
2017,NYM,4,0,30378,9th of 15,176615252.0,95,94,Citi Field
2018,NYM,4,0,27469,10th of 15,161403844.0,92,92,Citi Field
2019,NYM,3,0,30155,9th of 15,160937230.0,92,92,Citi Field
1995,NYY,2,1,23360,7th of 14,48874851.0,98,99,Yankee Stadium II
1996,NYY,1,2,28136,7th of 14,54191792.0,100,101,Yankee Stadium II
1997,NYY,2,1,32254,5th of 14,62241545.0,98,100,Yankee Stadium II
1998,NYY,1,2,36484,3rd of 14,66806867.0,95,97,"Yankee Stadium II, Shea Stadium"
1999,NYY,1,2,40651,3rd of 14,86934359.0,96,98,Yankee Stadium II
2000,NYY,1,2,38193,3rd of 14,93113260.0,98,99,Yankee Stadium II
2001,NYY,1,1,40811,2nd of 14,112787143.0,100,101,Yankee Stadium II
2002,NYY,1,1,43323,2nd of 14,125928583.0,99,100,Yankee Stadium II
2003,NYY,1,1,42263,1st of 14,152749814.0,97,98,Yankee Stadium II
2004,NYY,1,1,46609,1st of 14,184193950.0,97,98,Yankee Stadium II
2005,NYY,1,1,50502,1st of 14,208306817.0,97,98,Yankee Stadium II
2006,NYY,1,1,52445,1st of 14,194663079.0,99,101,Yankee Stadium II
2007,NYY,2,1,52729,1st of 14,207039045.0,100,101,Yankee Stadium II
2008,NYY,3,0,53070,1st of 14,212286789.0,101,103,Yankee Stadium II
2009,NYY,1,2,45918,1st of 14,210330039.0,103,105,Yankee Stadium III
2010,NYY,2,1,46491,1st of 14,210733389.0,104,106,Yankee Stadium III
2011,NYY,1,1,45107,1st of 14,206275028.0,105,106,Yankee Stadium III
2012,NYY,1,1,43733,1st of 14,197977900.0,103,104,Yankee Stadium III
2013,NYY,3,0,40489,1st of 15,246534750.0,100,100,Yankee Stadium III
2014,NYY,2,0,41995,1st of 15,258118959.0,100,100,Yankee Stadium III
2015,NYY,2,1,39430,1st of 15,214051957.0,101,101,Yankee Stadium III
2016,NYY,4,0,37820,2nd of 15,193229350.0,102,103,Yankee Stadium III
2017,NYY,2,1,38950,2nd of 15,182424700.0,103,104,Yankee Stadium III
2018,NYY,2,1,42998,1st of 15,160743032.0,98,100,Yankee Stadium III
2019,NYY,1,1,40795,1st of 15,228442421.0,96,98,Yankee Stadium III
1995,OAK,4,0,16310,12th of 14,37739225.0,91,91,Oakland-Alameda County Coliseum
1996,OAK,3,0,14178,14th of 14,21243000.0,102,101,"Cashman Field, Oakland-Alameda County Coliseum"
1997,OAK,4,0,15608,14th of 14,24018500.0,97,96,Oakland-Alameda County Coliseum
1998,OAK,4,0,15214,13th of 14,21473000.0,97,96,Network Associates Coliseum
1999,OAK,2,0,17711,12th of 14,24831833.0,94,94,Network Associates Coliseum
2000,OAK,1,1,19799,11th of 14,33172333.0,95,96,Network Associates Coliseum
2001,OAK,2,1,26337,7th of 14,33810750.0,97,98,Network Associates Coliseum
2002,OAK,1,1,26788,8th of 14,40004167.0,97,98,Network Associates Coliseum
2003,OAK,1,1,27365,6th of 14,50260834.0,98,99,Network Associates Coliseum
2004,OAK,2,0,27179,7th of 14,59425667.0,98,99,Network Associates Coliseum
2005,OAK,2,0,26038,8th of 14,55425762.0,100,100,McAfee Coliseum
2006,OAK,1,1,24403,12th of 14,64843079.0,97,97,McAfee Coliseum
2007,OAK,3,0,23726,12th of 14,79366940.0,94,94,McAfee Coliseum
2008,OAK,3,0,20559,13th of 14,47967126.0,94,94,"McAfee Coliseum, Tokyo Dome"
2009,OAK,4,0,17392,14th of 14,65945000.0,98,98,Oakland-Alameda County Coliseum
2010,OAK,2,0,17511,13th of 14,57904900.0,99,99,Oakland-Alameda County Coliseum
2011,OAK,3,0,18232,14th of 14,67094000.0,98,98,O.co Coliseum
2012,OAK,1,1,20729,12th of 14,61202500.0,95,95,O.co Coliseum
2013,OAK,1,1,22337,9th of 15,69440000.0,97,98,O.co Coliseum
2014,OAK,2,1,24736,10th of 15,89160900.0,97,98,O.co Coliseum
2015,OAK,5,0,21829,12th of 15,64016001.0,97,97,O.co Coliseum
2016,OAK,5,0,18784,14th of 15,54969067.0,97,96,Oakland-Alameda County Coliseum
2017,OAK,5,0,18219,14th of 15,51560000.0,95,95,Oakland-Alameda County Coliseum
2018,OAK,2,1,19427,13th of 15,69883333.0,97,97,Oakland-Alameda County Coliseum
2019,OAK,2,1,20521,11th of 15,102935833.0,93,95,Oakland-Alameda County Coliseum
1995,PHI,2,0,28383,4th of 14,30555945.0,100,99,Veterans Stadium
1996,PHI,5,0,22243,9th of 14,34314500.0,101,99,Veterans Stadium
1997,PHI,5,0,18403,14th of 14,36656500.0,101,100,Veterans Stadium
1998,PHI,3,0,21182,14th of 16,36297500.0,103,102,Veterans Stadium
1999,PHI,3,0,22535,12th of 16,31897500.0,105,104,Veterans Stadium
2000,PHI,5,0,19911,13th of 16,47513000.0,101,100,Veterans Stadium
2001,PHI,2,0,22001,14th of 16,41663833.0,97,97,Veterans Stadium
2002,PHI,3,0,20231,14th of 16,57954999.0,94,94,Veterans Stadium
2003,PHI,3,0,27901,10th of 16,70780000.0,93,93,Veterans Stadium
2004,PHI,2,0,40125,2nd of 16,93219167.0,104,105,Citizens Bank Park
2005,PHI,2,0,32905,9th of 16,95522000.0,104,105,Citizens Bank Park
2006,PHI,2,0,33356,7th of 16,88273333.0,104,105,Citizens Bank Park
2007,PHI,1,1,38374,6th of 16,89428213.0,103,104,Citizens Bank Park
2008,PHI,1,2,42254,4th of 16,97879880.0,101,102,Citizens Bank Park
2009,PHI,1,1,44453,2nd of 16,115479046.0,100,101,Citizens Bank Park
2010,PHI,1,1,44968,1st of 16,141928379.0,101,102,Citizens Bank Park
2011,PHI,1,1,45441,1st of 16,172976379.0,100,101,Citizens Bank Park
2012,PHI,3,0,44021,1st of 16,171501558.0,102,102,Citizens Bank Park
2013,PHI,4,0,37190,4th of 15,150860000.0,100,100,Citizens Bank Park
2014,PHI,5,0,29924,10th of 15,176444967.0,102,101,Citizens Bank Park
2015,PHI,5,0,22606,14th of 15,103082167.0,98,97,Citizens Bank Park
2016,PHI,4,0,23644,13th of 15,84846666.0,100,99,Citizens Bank Park
2017,PHI,5,0,23523,13th of 15,86276000.0,99,98,Citizens Bank Park
2018,PHI,3,0,26644,12th of 15,93874333.0,102,102,Citizens Bank Park
2019,PHI,4,0,33672,6th of 15,141786962.0,102,102,Citizens Bank Park
1995,PIT,5,0,12577,14th of 14,18355345.0,102,101,Three Rivers Stadium
1996,PIT,5,0,16652,14th of 14,23017500.0,104,103,Three Rivers Stadium
1997,PIT,2,0,20457,12th of 14,10771667.0,103,103,Three Rivers Stadium
1998,PIT,6,0,19271,15th of 16,15065000.0,103,102,Three Rivers Stadium
1999,PIT,3,0,20223,14th of 16,25047666.0,101,100,Three Rivers Stadium
2000,PIT,5,0,21591,12th of 16,31328334.0,100,99,Three Rivers Stadium
2001,PIT,6,0,30430,11th of 16,57760833.0,104,103,PNC Park
2002,PIT,4,0,22312,13th of 16,42323599.0,103,102,PNC Park
2003,PIT,4,0,20207,14th of 16,54812429.0,102,102,PNC Park
2004,PIT,5,0,19750,15th of 16,32227929.0,99,99,PNC Park
2005,PIT,6,0,22435,16th of 16,38133000.0,99,99,PNC Park
2006,PIT,5,0,22982,15th of 16,46717750.0,99,98,PNC Park
2007,PIT,6,0,21594,15th of 16,38537833.0,98,97,PNC Park
2008,PIT,6,0,19865,15th of 16,48689783.0,97,96,PNC Park
2009,PIT,6,0,19480,15th of 16,51912500.0,99,98,PNC Park
2010,PIT,6,0,19919,15th of 16,37443000.0,100,98,PNC Park
2011,PIT,4,0,23956,15th of 16,45047000.0,97,95,PNC Park
2012,PIT,4,0,25826,15th of 16,70077000.0,95,95,PNC Park
2013,PIT,2,1,27862,11th of 15,99230000.0,95,95,PNC Park
2014,PIT,2,1,30155,9th of 15,80729000.0,98,99,PNC Park
2015,PIT,2,1,30847,9th of 15,104457499.0,99,99,PNC Park
2016,PIT,3,0,27768,10th of 15,81187933.0,99,99,PNC Park
2017,PIT,4,0,23697,12th of 15,102953333.0,98,97,PNC Park
2018,PIT,4,0,18316,14th of 15,88141000.0,97,96,PNC Park
2019,PIT,5,0,18413,14th of 15,72915501.0,97,96,PNC Park
1995,SDP,3,0,14470,13th of 14,26382334.0,97,97,Jack Murphy Stadium
1996,SDP,1,1,27011,6th of 14,28348172.0,94,94,"Estadio de Beisbol Monterrey, Jack Murphy Stadium"
1997,SDP,4,0,25794,7th of 14,37363672.0,93,93,"Aloha Stadium, Qualcomm Stadium"
1998,SDP,1,1,31554,7th of 16,46861500.0,92,92,Qualcomm Stadium
1999,SDP,4,0,31155,9th of 16,49768179.0,92,92,"Estadio de Beisbol Monterrey, Qualcomm Stadium"
2000,SDP,5,0,29043,11th of 16,55021000.0,92,92,Qualcomm Stadium
2001,SDP,4,0,29360,12th of 16,39182833.0,91,91,Qualcomm Stadium
2002,SDP,5,0,27415,10th of 16,41425000.0,91,90,Qualcomm Stadium
2003,SDP,5,0,25063,12th of 16,45210000.0,92,91,Qualcomm Stadium
2004,SDP,3,0,37244,7th of 16,55384833.0,90,90,Petco Park
2005,SDP,1,1,35429,5th of 16,63290833.0,91,91,Petco Park
2006,SDP,1,1,32837,8th of 16,69896141.0,90,91,Petco Park
2007,SDP,3,0,34445,9th of 16,58110567.0,90,90,Petco Park
2008,SDP,5,0,29970,12th of 16,73677616.0,88,87,Petco Park
2009,SDP,4,0,23699,12th of 16,50954200.0,90,90,Petco Park
2010,SDP,2,0,26318,11th of 16,37799300.0,91,91,Petco Park
2011,SDP,5,0,26457,11th of 16,45869140.0,93,93,Petco Park
2012,SDP,4,0,26219,14th of 16,55494700.0,91,91,Petco Park
2013,SDP,3,0,26749,12th of 15,65988600.0,91,91,Petco Park
2014,SDP,3,0,27103,12th of 15,76662100.0,92,92,Petco Park
2015,SDP,4,0,30367,10th of 15,125203700.0,95,95,Petco Park
2016,SDP,5,0,29030,8th of 15,50656166.0,95,95,Petco Park
2017,SDP,4,0,26401,10th of 15,49248767.0,97,95,Petco Park
2018,SDP,5,0,26772,11th of 15,93821067.0,95,93,Petco Park
2019,SDP,5,0,29585,10th of 15,90260767.0,96,95,Petco Park
1995,SEA,1,1,22510,8th of 14,36481311.0,101,101,Kingdome
1996,SEA,2,0,33628,4th of 14,41328501.0,99,99,Kingdome
1997,SEA,1,1,39410,3rd of 14,41540661.0,98,98,Kingdome
1998,SEA,3,0,32735,5th of 14,54802036.0,98,99,Kingdome
1999,SEA,3,0,36004,4th of 14,54125003.0,102,102,"Kingdome, Safeco Field"
2000,SEA,2,1,35983,4th of 14,60495000.0,93,94,Safeco Field
2001,SEA,1,1,43300,1st of 14,74720834.0,92,94,Safeco Field
2002,SEA,3,0,43740,1st of 14,80282668.0,95,97,Safeco Field
2003,SEA,2,0,40352,2nd of 14,86959167.0,95,95,Safeco Field
2004,SEA,4,0,35863,3rd of 14,81515834.0,97,97,Safeco Field
2005,SEA,4,0,33648,4th of 14,87754334.0,96,95,Safeco Field
2006,SEA,4,0,30632,6th of 14,87959833.0,97,97,Safeco Field
2007,SEA,2,0,32588,6th of 14,106460833.0,97,96,Safeco Field
2008,SEA,4,0,28762,7th of 14,117666482.0,97,96,Safeco Field
2009,SEA,3,0,27105,7th of 14,100134166.0,95,94,Safeco Field
2010,SEA,4,0,25749,8th of 14,86510000.0,95,93,Safeco Field
2011,SEA,4,0,23411,8th of 14,86110600.0,92,90,Safeco Field
2012,SEA,4,0,21258,11th of 14,78235600.0,93,92,Safeco Field
2013,SEA,4,0,21747,11th of 15,78887000.0,92,92,Safeco Field
2014,SEA,3,0,25486,9th of 15,95471000.0,95,95,Safeco Field
2015,SEA,4,0,27081,10th of 15,130681400.0,95,95,Safeco Field
2016,SEA,2,0,27999,9th of 15,137169100.0,96,96,Safeco Field
2017,SEA,3,0,26364,9th of 15,172438700.0,95,95,Safeco Field
2018,SEA,3,0,28389,6th of 15,157090065.0,95,94,Safeco Field
2019,SEA,5,0,22122,7th of 15,126874600.0,94,93,T-Mobile Park
1995,SFG,4,0,17243,12th of 14,36462777.0,96,95,Candlestick Park
1996,SFG,4,0,17243,13th of 14,37144725.0,96,95,3Com Park
1997,SFG,1,1,20875,11th of 14,35592378.0,98,98,3Com Park
1998,SFG,2,0,23770,10th of 16,42738334.0,95,95,3Com Park
1999,SFG,2,0,25659,10th of 16,46798057.0,94,94,3Com Park
2000,SFG,1,1,40973,2nd of 16,53737826.0,92,93,Pacific Bell Park
2001,SFG,2,0,40888,1st of 16,63280167.0,91,93,Pacific Bell Park
2002,SFG,2,1,40163,1st of 16,78299835.0,94,95,Pacific Bell Park
2003,SFG,1,1,40307,1st of 16,82852167.0,98,99,Pacific Bell Park
2004,SFG,2,0,39718,3rd of 16,82019166.0,101,101,SBC Park
2005,SFG,3,0,39272,3rd of 16,90199500.0,101,101,SBC Park
2006,SFG,3,0,38646,4th of 16,90056419.0,100,100,AT&T Park
2007,SFG,5,0,39793,5th of 16,90219056.0,101,101,AT&T Park
2008,SFG,4,0,35356,7th of 16,76594500.0,102,102,AT&T Park
2009,SFG,3,0,35335,7th of 16,91944450.0,101,102,AT&T Park
2010,SFG,1,2,37499,5th of 16,98641333.0,97,97,AT&T Park
2011,SFG,2,0,41819,2nd of 16,124198333.0,91,92,AT&T Park
2012,SFG,1,2,41696,2nd of 16,117637350.0,89,89,AT&T Park
2013,SFG,3,0,41087,3rd of 15,139845667.0,92,93,AT&T Park
2014,SFG,2,2,41589,3rd of 15,163510167.0,94,95,AT&T Park
2015,SFG,2,0,41678,3rd of 15,180018166.0,98,99,AT&T Park
2016,SFG,2,1,41546,3rd of 15,177021333.0,96,96,AT&T Park
2017,SFG,5,0,40786,3rd of 15,177399833.0,98,98,AT&T Park
2018,SFG,4,0,38965,3rd of 15,202060277.0,94,93,AT&T Park
2019,SFG,3,0,33429,7th of 15,175550753.0,95,94,Oracle Park
1995,STL,4,0,24399,7th of 14,37101000.0,99,98,Busch Stadium II
1996,STL,1,1,32774,4th of 14,40269667.0,99,99,Busch Stadium II
1997,STL,4,0,32519,4th of 14,45456667.0,99,99,Busch Stadium II
1998,STL,3,0,38972,4th of 16,54672521.0,100,100,Busch Stadium II
1999,STL,4,0,40317,3rd of 16,49988195.0,101,101,Busch Stadium II
2000,STL,1,1,41191,1st of 16,61653863.0,101,101,Busch Stadium II
2001,STL,2,1,37922,3rd of 16,79373333.0,99,100,Busch Stadium II
2002,STL,1,1,37182,4th of 16,74660875.0,97,98,Busch Stadium II
2003,STL,3,0,35931,4th of 16,83786666.0,96,97,Busch Stadium II
2004,STL,1,1,37635,6th of 16,84340333.0,98,99,Busch Stadium II
2005,STL,1,1,43691,2nd of 16,92106833.0,100,101,Busch Stadium II
2006,STL,1,2,42589,2nd of 16,88891371.0,99,99,Busch Stadium III
2007,STL,3,0,43854,3rd of 16,90286823.0,99,99,Busch Stadium III
2008,STL,4,0,42382,3rd of 16,99624449.0,98,98,Busch Stadium III
2009,STL,1,1,41275,3rd of 16,90928409.0,97,98,Busch Stadium III
2010,STL,2,0,40756,3rd of 16,93540751.0,96,97,Busch Stadium III
2011,STL,2,2,38197,3rd of 16,105433572.0,97,98,Busch Stadium III
2012,STL,2,1,40273,4th of 16,112071000.0,96,98,Busch Stadium III
2013,STL,1,1,41602,2nd of 15,112583000.0,100,101,Busch Stadium III
2014,STL,1,1,43712,2nd of 15,129932500.0,99,100,Busch Stadium III
2015,STL,1,1,43468,2nd of 15,128241500.0,100,101,Busch Stadium III
2016,STL,2,0,42525,2nd of 15,150353500.0,97,98,Busch Stadium III
2017,STL,3,0,42572,2nd of 15,129652933.0,97,98,Busch Stadium III
2018,STL,3,0,42020,2nd of 15,157713667.0,96,97,Busch Stadium III
2019,STL,1,1,42968,2nd of 15,161120267.0,97,98,Busch Stadium III
1998,TBR,5,0,30942,7th of 14,27280000.0,102,101,Tropicana Field
1999,TBR,5,0,19294,10th of 14,38870000.0,101,100,Tropicana Field
2000,TBR,5,0,18121,13th of 14,63265129.0,100,98,Tropicana Field
2001,TBR,5,0,16029,14th of 14,56980000.0,99,97,Tropicana Field
2002,TBR,5,0,13157,14th of 14,34380000.0,99,97,Tropicana Field
2003,TBR,5,0,13070,14th of 14,19630000.0,97,95,Tropicana Field
2004,TBR,4,0,15936,14th of 14,29856667.0,97,96,"Tropicana Field, Tokyo Dome"
2005,TBR,5,0,14095,14th of 14,29679067.0,100,98,Tropicana Field
2006,TBR,5,0,16901,14th of 14,34917967.0,100,99,Tropicana Field
2007,TBR,5,0,17131,14th of 14,24623500.0,100,98,"Ballpark at Disney's Wide World of Sports, Tropicana Field"
2008,TBR,1,1,22370,12th of 14,44970597.0,101,101,"Ballpark at Disney's Wide World of Sports, Tropicana Field"
2009,TBR,3,0,23148,11th of 14,67270334.0,97,98,Tropicana Field
2010,TBR,1,1,23025,9th of 14,71923471.0,94,95,Tropicana Field
2011,TBR,2,1,18879,13th of 14,41053571.0,92,93,Tropicana Field
2012,TBR,3,0,19255,14th of 14,63368700.0,94,95,Tropicana Field
2013,TBR,2,1,18646,15th of 15,71163500.0,96,97,Tropicana Field
2014,TBR,4,0,17858,14th of 15,77814300.0,97,97,Tropicana Field
2015,TBR,4,0,15322,15th of 15,64571233.0,97,96,Tropicana Field
2016,TBR,5,0,15879,15th of 15,48223791.0,95,95,Tropicana Field
2017,TBR,3,0,15477,15th of 15,79473033.0,96,96,Tropicana Field
2018,TBR,3,0,14259,15th of 15,46011667.0,96,97,Tropicana Field
2019,TBR,2,1,14552,15th of 15,56071767.0,96,97,Tropicana Field
1995,TEX,3,0,27582,5th of 14,34581451.0,103,103,The Ballpark in Arlington
1996,TEX,1,1,35667,3rd of 14,39041528.0,105,105,The Ballpark in Arlington
1997,TEX,3,0,36361,4th of 14,53448838.0,105,105,The Ballpark in Arlington
1998,TEX,1,1,36141,4th of 14,56752095.0,103,104,The Ballpark in Arlington
1999,TEX,1,1,34216,5th of 14,76709931.0,104,104,The Ballpark in Arlington
2000,TEX,4,0,31956,5th of 14,70795921.0,102,101,The Ballpark in Arlington
2001,TEX,4,0,34525,5th of 14,88633500.0,104,104,The Ballpark in Arlington
2002,TEX,4,0,29042,6th of 14,105726122.0,106,106,The Ballpark in Arlington
2003,TEX,4,0,25857,7th of 14,103491667.0,111,111,The Ballpark in Arlington
2004,TEX,3,0,31033,6th of 14,55050417.0,108,108,The Ballpark in Arlington
2005,TEX,3,0,31176,6th of 14,55849000.0,105,106,Ameriquest Field
2006,TEX,3,0,29491,7th of 14,68228662.0,101,101,Ameriquest Field
2007,TEX,4,0,29060,8th of 14,68643675.0,101,101,Ameriquest Field
2008,TEX,2,0,24021,11th of 14,68037326.0,102,101,Rangers Ballpark in Arlington
2009,TEX,2,0,26617,8th of 14,79723548.0,104,104,Rangers Ballpark in Arlington
2010,TEX,1,1,30928,5th of 14,56474374.0,108,109,Rangers Ballpark in Arlington
2011,TEX,1,1,36382,5th of 14,93799264.0,108,109,Rangers Ballpark in Arlington
2012,TEX,2,1,42720,2nd of 14,124119900.0,107,109,Rangers Ballpark in Arlington
2013,TEX,2,0,38759,2nd of 15,139261200.0,103,103,Rangers Ballpark in Arlington
2014,TEX,5,0,33565,5th of 15,129801239.0,104,104,Globe Life Park in Arlington
2015,TEX,1,1,30764,7th of 15,178860789.0,105,105,Globe Life Park in Arlington
2016,TEX,1,1,33462,5th of 15,212117760.0,108,107,Globe Life Park in Arlington
2017,TEX,3,0,30960,5th of 15,207326274.0,110,110,Globe Life Park in Arlington
2018,TEX,5,0,26014,7th of 15,106099628.0,111,110,Globe Life Park in Arlington
2019,TEX,3,0,26333,6th of 15,104433499.0,112,111,Globe Life Park in Arlington
1995,TOR,5,0,39257,3rd of 14,50590000.0,100,99,SkyDome
1996,TOR,4,0,31600,5th of 14,30555083.0,100,99,SkyDome
1997,TOR,5,0,31967,6th of 14,47079833.0,99,99,SkyDome
1998,TOR,3,0,30300,8th of 14,51376000.0,99,99,SkyDome
1999,TOR,3,0,26709,8th of 14,45444333.0,100,100,SkyDome
2000,TOR,3,0,21058,10th of 14,46038332.0,103,103,SkyDome
2001,TOR,3,0,23359,10th of 14,76895999.0,102,102,"Estadio Hiram Bithorn, SkyDome"
2002,TOR,3,0,20221,11th of 14,76864333.0,103,104,SkyDome
2003,TOR,3,0,22216,11th of 14,51269000.0,104,104,SkyDome
2004,TOR,5,0,23457,11th of 14,50017000.0,104,104,SkyDome
2005,TOR,3,0,24876,11th of 14,45719500.0,102,102,Rogers Centre
2006,TOR,2,0,28422,8th of 14,71365000.0,100,100,Rogers Centre
2007,TOR,3,0,29144,7th of 14,81942800.0,99,100,Rogers Centre
2008,TOR,4,0,29627,6th of 14,97793900.0,97,97,Rogers Centre
2009,TOR,4,0,23162,10th of 14,83964500.0,99,100,Rogers Centre
2010,TOR,4,0,19173,12th of 14,62734000.0,101,102,Rogers Centre
2011,TOR,4,0,22446,10th of 14,64567800.0,104,104,Rogers Centre
2012,TOR,4,0,25922,8th of 14,82352700.0,103,102,Rogers Centre
2013,TOR,5,0,31316,6th of 15,124517800.0,103,102,Rogers Centre
2014,TOR,3,0,29327,7th of 15,136466200.0,99,100,Rogers Centre
2015,TOR,1,1,34505,4th of 15,117917400.0,102,103,Rogers Centre
2016,TOR,2,1,41878,1st of 15,182690767.0,101,102,Rogers Centre
2017,TOR,4,0,39554,1st of 15,158890575.0,102,101,Rogers Centre
2018,TOR,4,0,28707,5th of 15,151670772.0,99,98,Rogers Centre
2019,TOR,4,0,21607,8th of 15,64680671.0,98,97,Rogers Centre
1995,WSN,5,0,18189,10th of 14,12473000.0,103,103,Stade Olympique
1996,WSN,2,0,19959,11th of 14,16264500.0,102,102,Stade Olympique
1997,WSN,4,0,18489,13th of 14,19295500.0,99,99,Stade Olympique
1998,WSN,4,0,11295,16th of 16,10641500.0,99,98,Stade Olympique
1999,WSN,4,0,9547,16th of 16,17903000.0,98,97,Stade Olympique
2000,WSN,4,0,11435,16th of 16,32994333.0,104,103,Stade Olympique
2001,WSN,5,0,7935,16th of 16,35159500.0,102,101,Stade Olympique
2002,WSN,2,0,10025,16th of 16,38670500.0,103,103,Stade Olympique
2003,WSN,4,0,12662,16th of 16,51948500.0,105,105,"Stade Olympique, Estadio Hiram Bithorn"
2004,WSN,5,0,9369,16th of 16,41197500.0,105,104,"Stade Olympique, Estadio Hiram Bithorn"
2005,WSN,5,0,33728,8th of 16,48581500.0,96,95,Robert F. Kennedy Stadium
2006,WSN,5,0,26581,11th of 16,63143000.0,95,94,Robert F. Kennedy Stadium
2007,WSN,4,0,23998,14th of 16,36947500.0,95,94,Robert F. Kennedy Stadium
2008,WSN,5,0,29005,13th of 16,54961000.0,100,98,Nationals Park
2009,WSN,5,0,22435,13th of 16,64384000.0,101,99,Nationals Park
2010,WSN,5,0,22569,14th of 16,67701000.0,100,99,Nationals Park
2011,WSN,3,0,24256,14th of 16,68492928.0,100,100,Nationals Park
2012,WSN,1,1,29269,9th of 16,92386000.0,101,101,Nationals Park
2013,WSN,2,0,32746,6th of 15,112493250.0,101,103,Nationals Park
2014,WSN,1,1,31844,7th of 15,137235080.0,102,104,Nationals Park
2015,WSN,2,0,32344,5th of 15,176496372.0,101,102,Nationals Park
2016,WSN,1,1,30641,7th of 15,152967400.0,102,103,Nationals Park
2017,WSN,1,1,31173,7th of 15,175587301.0,103,104,Nationals Park
2018,WSN,2,0,31230,8th of 15,188886699.0,105,106,Nationals Park
2019,WSN,2,2,27899,11th of 15,207654033.0,104,106,Nationals Park
